Workbook

Sheet RÉCAPITULATIF
A1: FLUX BAGAGES — RÉCAPITULATIF — EI — AER LINGUS
A3: COMPTE RENDU DE SUPERVISION • SEPTEMBRE 2026 • EI — AER LINGUS
A5: DOSSIERS | D5: BAGAGES ATTENDUS | G5: SAUVÉS | J5: CHARGÉS | M5: NON CHARGÉS | P5: ANNULÉS | S5: TAGS EN DOUBLE
A6: =SUM(B14:B27) -> 302 | D6: =SUM(D14:D27) -> 17510 | G6: =SUM(E14:E27) -> 44 | J6: =SUM(F14:F27) -> 82 | M6: =SUM(G14:G27) -> 176 | P6: =SUM(H14:H27) -> 0 | S6: =MAX(BASE!$Q$6:$Q$1740) -> 0
A8: TAUX DE TRAITEMENT | D8: DOSSIERS TRAITÉS | G8: % SAUVÉS | J8: % CHARGÉS | M8: % NON CHARGÉS | P8: % ANNULÉS | S8: LIGNES CONCERNÉES
A9: =IFERROR((G6+J6+M6+P6)/A6,0) -> 1 | D9: =SUM(G6,J6,M6,P6) -> 302 | G9: =G6/$A$6 -> 0.14569536 | J9: =J6/$A$6 -> 0.27152318 | M9: =M6/$A$6 -> 0.58278146 | P9: =P6/$A$6 -> 0 | S9: =COUNTIF(BASE!$P$6:$P$1740,">1") -> 0
A12: RÉPARTITION PAR COMPAGNIE | AA12: COMPAGNIE | AB12: SAUVÉS | AC12: CHARGÉS | AD12: NON CHARGÉS | AE12: ANNULÉS
A13: CIE | B13: DOSSIERS | C13: BAG. TRAITÉS | D13: ATTENDUS | E13: SAUVÉS | F13: CHARGÉS | G13: NON CHARGÉS | H13: ANNULÉS | I13: TAUX SAUVÉS | AA13: EI | AB13: 44 | AC13: 82 | AD13: 176 | AE13: 0
A14: EI | B14: =COUNTIF(BASE!$B$6:$B$1740,A14) -> 302 | C14: =SUMIF(BASE!$B$6:$B$1740,A14,BASE!$F$6:$F$1740) -> 302 | D14: 17510 | E14: =COUNTIFS(BASE!$B$6:$B$1740,A14,BASE!$M$6:$M$1740,"SAUVÉ") -> 44 | F14: =COUNTIFS(BASE!$B$6:$B$1740,A14,BASE!$M$6:$M$1740,"CHARGÉ") -> 82 | G14: =COUNTIFS(BASE!$B$6:$B$1740,A14,BASE!$M$6:$M$1740,"NON CHARGÉ") -> 176 | H14: =COUNTIFS(BASE!$B$6:$B$1740,A14,BASE!$M$6:$M$1740,"ANNULÉ") -> 0 | I14: =IFERROR(E14/B14,0) -> 0.14569536
B15: =COUNTIF(BASE!$B$6:$B$1740,A15) -> 0 | C15: =SUMIF(BASE!$B$6:$B$1740,A15,BASE!$F$6:$F$1740) -> 0 | D15: 0 | E15: =COUNTIFS(BASE!$B$6:$B$1740,A15,BASE!$M$6:$M$1740,"SAUVÉ") -> 0 | F15: =COUNTIFS(BASE!$B$6:$B$1740,A15,BASE!$M$6:$M$1740,"CHARGÉ") -> 0 | G15: =COUNTIFS(BASE!$B$6:$B$1740,A15,BASE!$M$6:$M$1740,"NON CHARGÉ") -> 0 | H15: =COUNTIFS(BASE!$B$6:$B$1740,A15,BASE!$M$6:$M$1740,"ANNULÉ") -> 0 | I15: =IFERROR(E15/B15,0) -> 0
B16: =COUNTIF(BASE!$B$6:$B$1740,A16) -> 0 | C16: =SUMIF(BASE!$B$6:$B$1740,A16,BASE!$F$6:$F$1740) -> 0 | D16: 0 | E16: =COUNTIFS(BASE!$B$6:$B$1740,A16,BASE!$M$6:$M$1740,"SAUVÉ") -> 0 | F16: =COUNTIFS(BASE!$B$6:$B$1740,A16,BASE!$M$6:$M$1740,"CHARGÉ") -> 0 | G16: =COUNTIFS(BASE!$B$6:$B$1740,A16,BASE!$M$6:$M$1740,"NON CHARGÉ") -> 0 | H16: =COUNTIFS(BASE!$B$6:$B$1740,A16,BASE!$M$6:$M$1740,"ANNULÉ") -> 0 | I16: =IFERROR(E16/B16,0) -> 0
B17: =COUNTIF(BASE!$B$6:$B$1740,A17) -> 0 | C17: =SUMIF(BASE!$B$6:$B$1740,A17,BASE!$F$6:$F$1740) -> 0 | D17: 0 | E17: =COUNTIFS(BASE!$B$6:$B$1740,A17,BASE!$M$6:$M$1740,"SAUVÉ") -> 0 | F17: =COUNTIFS(BASE!$B$6:$B$1740,A17,BASE!$M$6:$M$1740,"CHARGÉ") -> 0 | G17: =COUNTIFS(BASE!$B$6:$B$1740,A17,BASE!$M$6:$M$1740,"NON CHARGÉ") -> 0 | H17: =COUNTIFS(BASE!$B$6:$B$1740,A17,BASE!$M$6:$M$1740,"ANNULÉ") -> 0 | I17: =IFERROR(E17/B17,0) -> 0
B18: =COUNTIF(BASE!$B$6:$B$1740,A18) -> 0 | C18: =SUMIF(BASE!$B$6:$B$1740,A18,BASE!$F$6:$F$1740) -> 0 | D18: 0 | E18: =COUNTIFS(BASE!$B$6:$B$1740,A18,BASE!$M$6:$M$1740,"SAUVÉ") -> 0 | F18: =COUNTIFS(BASE!$B$6:$B$1740,A18,BASE!$M$6:$M$1740,"CHARGÉ") -> 0 | G18: =COUNTIFS(BASE!$B$6:$B$1740,A18,BASE!$M$6:$M$1740,"NON CHARGÉ") -> 0 | H18: =COUNTIFS(BASE!$B$6:$B$1740,A18,BASE!$M$6:$M$1740,"ANNULÉ") -> 0 | I18: =IFERROR(E18/B18,0) -> 0
B19: =COUNTIF(BASE!$B$6:$B$1740,A19) -> 0 | C19: =SUMIF(BASE!$B$6:$B$1740,A19,BASE!$F$6:$F$1740) -> 0 | D19: 0 | E19: =COUNTIFS(BASE!$B$6:$B$1740,A19,BASE!$M$6:$M$1740,"SAUVÉ") -> 0 | F19: =COUNTIFS(BASE!$B$6:$B$1740,A19,BASE!$M$6:$M$1740,"CHARGÉ") -> 0 | G19: =COUNTIFS(BASE!$B$6:$B$1740,A19,BASE!$M$6:$M$1740,"NON CHARGÉ") -> 0 | H19: =COUNTIFS(BASE!$B$6:$B$1740,A19,BASE!$M$6:$M$1740,"ANNULÉ") -> 0 | I19: =IFERROR(E19/B19,0) -> 0
B20: =COUNTIF(BASE!$B$6:$B$1740,A20) -> 0 | C20: =SUMIF(BASE!$B$6:$B$1740,A20,BASE!$F$6:$F$1740) -> 0 | D20: 0 | E20: =COUNTIFS(BASE!$B$6:$B$1740,A20,BASE!$M$6:$M$1740,"SAUVÉ") -> 0 | F20: =COUNTIFS(BASE!$B$6:$B$1740,A20,BASE!$M$6:$M$1740,"CHARGÉ") -> 0 | G20: =COUNTIFS(BASE!$B$6:$B$1740,A20,BASE!$M$6:$M$1740,"NON CHARGÉ") -> 0 | H20: =COUNTIFS(BASE!$B$6:$B$1740,A20,BASE!$M$6:$M$1740,"ANNULÉ") -> 0 | I20: =IFERROR(E20/B20,0) -> 0
B21: =COUNTIF(BASE!$B$6:$B$1740,A21) -> 0 | C21: =SUMIF(BASE!$B$6:$B$1740,A21,BASE!$F$6:$F$1740) -> 0 | D21: 0 | E21: =COUNTIFS(BASE!$B$6:$B$1740,A21,BASE!$M$6:$M$1740,"SAUVÉ") -> 0 | F21: =COUNTIFS(BASE!$B$6:$B$1740,A21,BASE!$M$6:$M$1740,"CHARGÉ") -> 0 | G21: =COUNTIFS(BASE!$B$6:$B$1740,A21,BASE!$M$6:$M$1740,"NON CHARGÉ") -> 0 | H21: =COUNTIFS(BASE!$B$6:$B$1740,A21,BASE!$M$6:$M$1740,"ANNULÉ") -> 0 | I21: =IFERROR(E21/B21,0) -> 0
B22: =COUNTIF(BASE!$B$6:$B$1740,A22) -> 0 | C22: =SUMIF(BASE!$B$6:$B$1740,A22,BASE!$F$6:$F$1740) -> 0 | D22: 0 | E22: =COUNTIFS(BASE!$B$6:$B$1740,A22,BASE!$M$6:$M$1740,"SAUVÉ") -> 0 | F22: =COUNTIFS(BASE!$B$6:$B$1740,A22,BASE!$M$6:$M$1740,"CHARGÉ") -> 0 | G22: =COUNTIFS(BASE!$B$6:$B$1740,A22,BASE!$M$6:$M$1740,"NON CHARGÉ") -> 0 | H22: =COUNTIFS(BASE!$B$6:$B$1740,A22,BASE!$M$6:$M$1740,"ANNULÉ") -> 0 | I22: =IFERROR(E22/B22,0) -> 0
B23: =COUNTIF(BASE!$B$6:$B$1740,A23) -> 0 | C23: =SUMIF(BASE!$B$6:$B$1740,A23,BASE!$F$6:$F$1740) -> 0 | D23: 0 | E23: =COUNTIFS(BASE!$B$6:$B$1740,A23,BASE!$M$6:$M$1740,"SAUVÉ") -> 0 | F23: =COUNTIFS(BASE!$B$6:$B$1740,A23,BASE!$M$6:$M$1740,"CHARGÉ") -> 0 | G23: =COUNTIFS(BASE!$B$6:$B$1740,A23,BASE!$M$6:$M$1740,"NON CHARGÉ") -> 0 | H23: =COUNTIFS(BASE!$B$6:$B$1740,A23,BASE!$M$6:$M$1740,"ANNULÉ") -> 0 | I23: =IFERROR(E23/B23,0) -> 0
B24: =COUNTIF(BASE!$B$6:$B$1740,A24) -> 0 | C24: =SUMIF(BASE!$B$6:$B$1740,A24,BASE!$F$6:$F$1740) -> 0 | D24: 0 | E24: =COUNTIFS(BASE!$B$6:$B$1740,A24,BASE!$M$6:$M$1740,"SAUVÉ") -> 0 | F24: =COUNTIFS(BASE!$B$6:$B$1740,A24,BASE!$M$6:$M$1740,"CHARGÉ") -> 0 | G24: =COUNTIFS(BASE!$B$6:$B$1740,A24,BASE!$M$6:$M$1740,"NON CHARGÉ") -> 0 | H24: =COUNTIFS(BASE!$B$6:$B$1740,A24,BASE!$M$6:$M$1740,"ANNULÉ") -> 0 | I24: =IFERROR(E24/B24,0) -> 0
B25: =COUNTIF(BASE!$B$6:$B$1740,A25) -> 0 | C25: =SUMIF(BASE!$B$6:$B$1740,A25,BASE!$F$6:$F$1740) -> 0 | D25: 0 | E25: =COUNTIFS(BASE!$B$6:$B$1740,A25,BASE!$M$6:$M$1740,"SAUVÉ") -> 0 | F25: =COUNTIFS(BASE!$B$6:$B$1740,A25,BASE!$M$6:$M$1740,"CHARGÉ") -> 0 | G25: =COUNTIFS(BASE!$B$6:$B$1740,A25,BASE!$M$6:$M$1740,"NON CHARGÉ") -> 0 | H25: =COUNTIFS(BASE!$B$6:$B$1740,A25,BASE!$M$6:$M$1740,"ANNULÉ") -> 0 | I25: =IFERROR(E25/B25,0) -> 0
B26: =COUNTIF(BASE!$B$6:$B$1740,A26) -> 0 | C26: =SUMIF(BASE!$B$6:$B$1740,A26,BASE!$F$6:$F$1740) -> 0 | D26: 0 | E26: =COUNTIFS(BASE!$B$6:$B$1740,A26,BASE!$M$6:$M$1740,"SAUVÉ") -> 0 | F26: =COUNTIFS(BASE!$B$6:$B$1740,A26,BASE!$M$6:$M$1740,"CHARGÉ") -> 0 | G26: =COUNTIFS(BASE!$B$6:$B$1740,A26,BASE!$M$6:$M$1740,"NON CHARGÉ") -> 0 | H26: =COUNTIFS(BASE!$B$6:$B$1740,A26,BASE!$M$6:$M$1740,"ANNULÉ") -> 0 | I26: =IFERROR(E26/B26,0) -> 0
B27: =COUNTIF(BASE!$B$6:$B$1740,A27) -> 0 | C27: =SUMIF(BASE!$B$6:$B$1740,A27,BASE!$F$6:$F$1740) -> 0 | D27: 0 | E27: =COUNTIFS(BASE!$B$6:$B$1740,A27,BASE!$M$6:$M$1740,"SAUVÉ") -> 0 | F27: =COUNTIFS(BASE!$B$6:$B$1740,A27,BASE!$M$6:$M$1740,"CHARGÉ") -> 0 | G27: =COUNTIFS(BASE!$B$6:$B$1740,A27,BASE!$M$6:$M$1740,"NON CHARGÉ") -> 0 | H27: =COUNTIFS(BASE!$B$6:$B$1740,A27,BASE!$M$6:$M$1740,"ANNULÉ") -> 0 | I27: =IFERROR(E27/B27,0) -> 0
A28: TOTAL | B28: =SUM(B14:B27) -> 302 | C28: =SUM(C14:C27) -> 302 | D28: =SUM(D14:D27) -> 17510 | E28: =SUM(E14:E27) -> 44 | F28: =SUM(F14:F27) -> 82 | G28: =SUM(G14:G27) -> 176 | H28: =SUM(H14:H27) -> 0 | I28: =IFERROR(E28/B28,0) -> 0.14569536
A71: STATUT | B71: DOSSIERS
A72: Chargés | B72: =J6 -> 82
A73: Sauvés | B73: =G6 -> 44
A74: Non chargés | B74: =M6 -> 176
A75: Annulés | B75: =P6 -> 0
A110: TAGS EN DOUBLE — À VÉRIFIER (VRAI DOUBLON · STATUT DIFFÉRENT · LÉGITIME)
A111: ="VRAI DOUBLON : "&COUNTIF(BASE!$R$6:$R$1740,"VRAI DOUBLON")&" • STATUT DIFFÉRENT : "&COUNTIF(BASE!$R$6:$R$1740,"STATUT DIFFÉRENT")&" • LÉGITIME : "&COUNTIF(BASE!$R$6:$R$1740,"LÉGITIME") -> VRAI DOUBLON : 0 • STATUT DIFFÉRENT : 0 • LÉGITIME : 0
A112: CIE | B112: DATE | D112: N° VOL | F112: N° TAG | H112: OCC. | I112: TYPE
A113: =IFERROR(INDEX(BASE!$B$6:$B$1740,MATCH(ROWS($A$113:$A113),BASE!$Q$6:$Q$1740,0)),"") | B113: =IFERROR(INDEX(BASE!$A$6:$A$1740,MATCH(ROWS($A$113:$A113),BASE!$Q$6:$Q$1740,0)),"") | D113: =IFERROR(INDEX(BASE!$C$6:$C$1740,MATCH(ROWS($A$113:$A113),BASE!$Q$6:$Q$1740,0)),"") | F113: =IFERROR(INDEX(BASE!$E$6:$E$1740,MATCH(ROWS($A$113:$A113),BASE!$Q$6:$Q$1740,0)),"") | H113: =IFERROR(INDEX(BASE!$P$6:$P$1740,MATCH(ROWS($A$113:$A113),BASE!$Q$6:$Q$1740,0)),"") | I113: =IFERROR(INDEX(BASE!$R$6:$R$1740,MATCH(ROWS($A$113:$A113),BASE!$Q$6:$Q$1740,0)),"")
A114: =IFERROR(INDEX(BASE!$B$6:$B$1740,MATCH(ROWS($A$113:$A114),BASE!$Q$6:$Q$1740,0)),"") | B114: =IFERROR(INDEX(BASE!$A$6:$A$1740,MATCH(ROWS($A$113:$A114),BASE!$Q$6:$Q$1740,0)),"") | D114: =IFERROR(INDEX(BASE!$C$6:$C$1740,MATCH(ROWS($A$113:$A114),BASE!$Q$6:$Q$1740,0)),"") | F114: =IFERROR(INDEX(BASE!$E$6:$E$1740,MATCH(ROWS($A$113:$A114),BASE!$Q$6:$Q$1740,0)),"") | H114: =IFERROR(INDEX(BASE!$P$6:$P$1740,MATCH(ROWS($A$113:$A114),BASE!$Q$6:$Q$1740,0)),"") | I114: =IFERROR(INDEX(BASE!$R$6:$R$1740,MATCH(ROWS($A$113:$A114),BASE!$Q$6:$Q$1740,0)),"")
A115: =IFERROR(INDEX(BASE!$B$6:$B$1740,MATCH(ROWS($A$113:$A115),BASE!$Q$6:$Q$1740,0)),"") | B115: =IFERROR(INDEX(BASE!$A$6:$A$1740,MATCH(ROWS($A$113:$A115),BASE!$Q$6:$Q$1740,0)),"") | D115: =IFERROR(INDEX(BASE!$C$6:$C$1740,MATCH(ROWS($A$113:$A115),BASE!$Q$6:$Q$1740,0)),"") | F115: =IFERROR(INDEX(BASE!$E$6:$E$1740,MATCH(ROWS($A$113:$A115),BASE!$Q$6:$Q$1740,0)),"") | H115: =IFERROR(INDEX(BASE!$P$6:$P$1740,MATCH(ROWS($A$113:$A115),BASE!$Q$6:$Q$1740,0)),"") | I115: =IFERROR(INDEX(BASE!$R$6:$R$1740,MATCH(ROWS($A$113:$A115),BASE!$Q$6:$Q$1740,0)),"")
A116: =IFERROR(INDEX(BASE!$B$6:$B$1740,MATCH(ROWS($A$113:$A116),BASE!$Q$6:$Q$1740,0)),"") | B116: =IFERROR(INDEX(BASE!$A$6:$A$1740,MATCH(ROWS($A$113:$A116),BASE!$Q$6:$Q$1740,0)),"") | D116: =IFERROR(INDEX(BASE!$C$6:$C$1740,MATCH(ROWS($A$113:$A116),BASE!$Q$6:$Q$1740,0)),"") | F116: =IFERROR(INDEX(BASE!$E$6:$E$1740,MATCH(ROWS($A$113:$A116),BASE!$Q$6:$Q$1740,0)),"") | H116: =IFERROR(INDEX(BASE!$P$6:$P$1740,MATCH(ROWS($A$113:$A116),BASE!$Q$6:$Q$1740,0)),"") | I116: =IFERROR(INDEX(BASE!$R$6:$R$1740,MATCH(ROWS($A$113:$A116),BASE!$Q$6:$Q$1740,0)),"")
A117: =IFERROR(INDEX(BASE!$B$6:$B$1740,MATCH(ROWS($A$113:$A117),BASE!$Q$6:$Q$1740,0)),"") | B117: =IFERROR(INDEX(BASE!$A$6:$A$1740,MATCH(ROWS($A$113:$A117),BASE!$Q$6:$Q$1740,0)),"") | D117: =IFERROR(INDEX(BASE!$C$6:$C$1740,MATCH(ROWS($A$113:$A117),BASE!$Q$6:$Q$1740,0)),"") | F117: =IFERROR(INDEX(BASE!$E$6:$E$1740,MATCH(ROWS($A$113:$A117),BASE!$Q$6:$Q$1740,0)),"") | H117: =IFERROR(INDEX(BASE!$P$6:$P$1740,MATCH(ROWS($A$113:$A117),BASE!$Q$6:$Q$1740,0)),"") | I117: =IFERROR(INDEX(BASE!$R$6:$R$1740,MATCH(ROWS($A$113:$A117),BASE!$Q$6:$Q$1740,0)),"")
A118: =IFERROR(INDEX(BASE!$B$6:$B$1740,MATCH(ROWS($A$113:$A118),BASE!$Q$6:$Q$1740,0)),"") | B118: =IFERROR(INDEX(BASE!$A$6:$A$1740,MATCH(ROWS($A$113:$A118),BASE!$Q$6:$Q$1740,0)),"") | D118: =IFERROR(INDEX(BASE!$C$6:$C$1740,MATCH(ROWS($A$113:$A118),BASE!$Q$6:$Q$1740,0)),"") | F118: =IFERROR(INDEX(BASE!$E$6:$E$1740,MATCH(ROWS($A$113:$A118),BASE!$Q$6:$Q$1740,0)),"") | H118: =IFERROR(INDEX(BASE!$P$6:$P$1740,MATCH(ROWS($A$113:$A118),BASE!$Q$6:$Q$1740,0)),"") | I118: =IFERROR(INDEX(BASE!$R$6:$R$1740,MATCH(ROWS($A$113:$A118),BASE!$Q$6:$Q$1740,0)),"")
A119: =IFERROR(INDEX(BASE!$B$6:$B$1740,MATCH(ROWS($A$113:$A119),BASE!$Q$6:$Q$1740,0)),"") | B119: =IFERROR(INDEX(BASE!$A$6:$A$1740,MATCH(ROWS($A$113:$A119),BASE!$Q$6:$Q$1740,0)),"") | D119: =IFERROR(INDEX(BASE!$C$6:$C$1740,MATCH(ROWS($A$113:$A119),BASE!$Q$6:$Q$1740,0)),"") | F119: =IFERROR(INDEX(BASE!$E$6:$E$1740,MATCH(ROWS($A$113:$A119),BASE!$Q$6:$Q$1740,0)),"") | H119: =IFERROR(INDEX(BASE!$P$6:$P$1740,MATCH(ROWS($A$113:$A119),BASE!$Q$6:$Q$1740,0)),"") | I119: =IFERROR(INDEX(BASE!$R$6:$R$1740,MATCH(ROWS($A$113:$A119),BASE!$Q$6:$Q$1740,0)),"")
A120: =IFERROR(INDEX(BASE!$B$6:$B$1740,MATCH(ROWS($A$113:$A120),BASE!$Q$6:$Q$1740,0)),"") | B120: =IFERROR(INDEX(BASE!$A$6:$A$1740,MATCH(ROWS($A$113:$A120),BASE!$Q$6:$Q$1740,0)),"") | D120: =IFERROR(INDEX(BASE!$C$6:$C$1740,MATCH(ROWS($A$113:$A120),BASE!$Q$6:$Q$1740,0)),"") | F120: =IFERROR(INDEX(BASE!$E$6:$E$1740,MATCH(ROWS($A$113:$A120),BASE!$Q$6:$Q$1740,0)),"") | H120: =IFERROR(INDEX(BASE!$P$6:$P$1740,MATCH(ROWS($A$113:$A120),BASE!$Q$6:$Q$1740,0)),"") | I120: =IFERROR(INDEX(BASE!$R$6:$R$1740,MATCH(ROWS($A$113:$A120),BASE!$Q$6:$Q$1740,0)),"")
A121: =IFERROR(INDEX(BASE!$B$6:$B$1740,MATCH(ROWS($A$113:$A121),BASE!$Q$6:$Q$1740,0)),"") | B121: =IFERROR(INDEX(BASE!$A$6:$A$1740,MATCH(ROWS($A$113:$A121),BASE!$Q$6:$Q$1740,0)),"") | D121: =IFERROR(INDEX(BASE!$C$6:$C$1740,MATCH(ROWS($A$113:$A121),BASE!$Q$6:$Q$1740,0)),"") | F121: =IFERROR(INDEX(BASE!$E$6:$E$1740,MATCH(ROWS($A$113:$A121),BASE!$Q$6:$Q$1740,0)),"") | H121: =IFERROR(INDEX(BASE!$P$6:$P$1740,MATCH(ROWS($A$113:$A121),BASE!$Q$6:$Q$1740,0)),"") | I121: =IFERROR(INDEX(BASE!$R$6:$R$1740,MATCH(ROWS($A$113:$A121),BASE!$Q$6:$Q$1740,0)),"")
A122: =IFERROR(INDEX(BASE!$B$6:$B$1740,MATCH(ROWS($A$113:$A122),BASE!$Q$6:$Q$1740,0)),"") | B122: =IFERROR(INDEX(BASE!$A$6:$A$1740,MATCH(ROWS($A$113:$A122),BASE!$Q$6:$Q$1740,0)),"") | D122: =IFERROR(INDEX(BASE!$C$6:$C$1740,MATCH(ROWS($A$113:$A122),BASE!$Q$6:$Q$1740,0)),"") | F122: =IFERROR(INDEX(BASE!$E$6:$E$1740,MATCH(ROWS($A$113:$A122),BASE!$Q$6:$Q$1740,0)),"") | H122: =IFERROR(INDEX(BASE!$P$6:$P$1740,MATCH(ROWS($A$113:$A122),BASE!$Q$6:$Q$1740,0)),"") | I122: =IFERROR(INDEX(BASE!$R$6:$R$1740,MATCH(ROWS($A$113:$A122),BASE!$Q$6:$Q$1740,0)),"")
A123: =IFERROR(INDEX(BASE!$B$6:$B$1740,MATCH(ROWS($A$113:$A123),BASE!$Q$6:$Q$1740,0)),"") | B123: =IFERROR(INDEX(BASE!$A$6:$A$1740,MATCH(ROWS($A$113:$A123),BASE!$Q$6:$Q$1740,0)),"") | D123: =IFERROR(INDEX(BASE!$C$6:$C$1740,MATCH(ROWS($A$113:$A123),BASE!$Q$6:$Q$1740,0)),"") | F123: =IFERROR(INDEX(BASE!$E$6:$E$1740,MATCH(ROWS($A$113:$A123),BASE!$Q$6:$Q$1740,0)),"") | H123: =IFERROR(INDEX(BASE!$P$6:$P$1740,MATCH(ROWS($A$113:$A123),BASE!$Q$6:$Q$1740,0)),"") | I123: =IFERROR(INDEX(BASE!$R$6:$R$1740,MATCH(ROWS($A$113:$A123),BASE!$Q$6:$Q$1740,0)),"")
A124: =IFERROR(INDEX(BASE!$B$6:$B$1740,MATCH(ROWS($A$113:$A124),BASE!$Q$6:$Q$1740,0)),"") | B124: =IFERROR(INDEX(BASE!$A$6:$A$1740,MATCH(ROWS($A$113:$A124),BASE!$Q$6:$Q$1740,0)),"") | D124: =IFERROR(INDEX(BASE!$C$6:$C$1740,MATCH(ROWS($A$113:$A124),BASE!$Q$6:$Q$1740,0)),"") | F124: =IFERROR(INDEX(BASE!$E$6:$E$1740,MATCH(ROWS($A$113:$A124),BASE!$Q$6:$Q$1740,0)),"") | H124: =IFERROR(INDEX(BASE!$P$6:$P$1740,MATCH(ROWS($A$113:$A124),BASE!$Q$6:$Q$1740,0)),"") | I124: =IFERROR(INDEX(BASE!$R$6:$R$1740,MATCH(ROWS($A$113:$A124),BASE!$Q$6:$Q$1740,0)),"")
... A150: =IFERROR(INDEX(BASE!$B$6:$B$1740,MATCH(ROWS($A$113:$A150),BASE!$Q$6:$Q$1740,0)),"") | B150: =IFERROR(INDEX(BASE!$A$6:$A$1740,MATCH(ROWS($A$113:$A150),BASE!$Q$6:$Q$1740,0)),"") | D150: =IFERROR(INDEX(BASE!$C$6:$C$1740,MATCH(ROWS($A$113:$A150),BASE!$Q$6:$Q$1740,0)),"") | F150: =IFERROR(INDEX(BASE!$E$6:$E$1740,MATCH(ROWS($A$113:$A150),BASE!$Q$6:$Q$1740,0)),"") | H150: =IFERROR(INDEX(BASE!$P$6:$P$1740,MATCH(ROWS($A$113:$A150),BASE!$Q$6:$Q$1740,0)),"") | I150: =IFERROR(INDEX(BASE!$R$6:$R$1740,MATCH(ROWS($A$113:$A150),BASE!$Q$6:$Q$1740,0)),"")

Sheet DOSSIERS
A1: FLUX BAGAGES — DOSSIERS — EI — AER LINGUS
A3: COMPTE RENDU DE SUPERVISION • SEPTEMBRE 2026 • EI — AER LINGUS
A4: FILTRES EXCEL ▼ • Sélectionnez DATE, CIE, N° VOL, N° TAG ou STATUT dans les en-têtes. Toutes les journées sont regroupées ici.
A5: DATE | B5: CIE | C5: N° VOL | D5: HEURE DÉPART | E5: N° TAG | F5: NOMBRE BAGAGES | G5: VOL APPORT | H5: HEURE ARRIVÉE | I5: LOCALISATION | J5: REMARQUES | K5: ANOMALIE | L5: COMMENTAIRE/ACTION | M5: STATUT | N5: FAULT STATION
A6: 46266 | B6: EI | C6: EI527 | D6: 17H00 | E6: EI129754 | F6: 1 | G6: RUSH | I6: AUCUNE TRACE | K6: BSM ONLY | L6: APPEL DIRBY T1 A 16H41 MAIS INJOIGNABLE | M6: NON CHARGÉ | N6: 21 - Bag left at station origin / correctly labelled
A7: 46266 | B7: EI | C7: EI527 | D7: 17H00 | E7: EI129755 | F7: 1 | G7: RUSH | I7: AUCUNE TRACE | K7: BSM ONLY | L7: APPEL DIRBY T1 A 16H41 MAIS INJOIGNABLE | M7: NON CHARGÉ | N7: 21 - Bag left at station origin / correctly labelled
A8: 46266 | B8: EI | C8: EI527 | D8: 17H00 | E8: EI129756 | F8: 1 | G8: RUSH | I8: AUCUNE TRACE | K8: BSM ONLY | L8: APPEL DIRBY T1 A 16H41 MAIS INJOIGNABLE | M8: NON CHARGÉ | N8: 21 - Bag left at station origin / correctly labelled
A9: 46266 | B9: EI | C9: EI527 | D9: 17H00 | E9: EI129757 | F9: 1 | G9: RUSH | I9: AUCUNE TRACE | K9: BSM ONLY | L9: APPEL DIRBY T1 A 16H41 MAIS INJOIGNABLE | M9: NON CHARGÉ | N9: 21 - Bag left at station origin / correctly labelled
A10: 46267 | B10: EI | C10: EI521 | D10: 10H20 | E10: SQ658922 | F10: 1 | G10: NON NOTIFIE | I10: PAS DE TRACE | K10: PAS DE TRACE | L10: 09H41 : NEG DS TOUS SYSTEMES/J+1 MISCNX A SIN /RECU SUR LE SQ338/02SEP LOCALISE AN SLB 21H41 /DUBEI28745 FO EI523/03SEP | M10: NON CHARGÉ | N10: 56 - Online - own carrier - MCT not available
A11: 46267 | B11: EI | C11: EI523 | D11: 11H15 | E11: EI129848 | F11: 1 | G11: LOCAL/RUSH | I11: T1 HORS FORMAT | L11: 10H37 : APPEL HORS FORMAT PUIS GALERIE T1 - BAG SERA DEPOSE SS BORD DES QU IL SERA TROUVE - PEUT ETRE CHARGE SS SCAN/J+1 DOSSIER TOUJOUR OUVERT | M11: NON CHARGÉ | N11: 21 - Bag left at station origin / correctly labelled
A12: 46267 | B12: EI | C12: EI525 | D12: 13H15 | E12: EI215344 | F12: 1 | G12: LOCAL | I12: PAS DE LOC | K12: PAS DE LOC | L12: 7KG PROBABLEMENT PRIS EN PORTE | M12: CHARGÉ
A13: 46267 | B13: EI | C13: EI525 | D13: 13H15 | E13: EI215655 | F13: 1 | G13: LOCAL | I13: PAS DE LOC | K13: CYNO OK 13H22 | L13: RETARD TRAITEMENT/J+1 DUBEI28761 EN ATTENTE DE FWD | M13: NON CHARGÉ | N13: 64 - Unserviceable equipment / belt / sortation system
A14: 46267 | B14: EI | C14: EI529 | D14: 21H55 | E14: EI129974 | F14: 1 | G14: RUSH | I14: PAS DE TRACE | J14: BAG SOUTE S/SCAN | K14: BSM ONLY | L14: APPEL DIRBY T1 A 20H32 ET DEMANDE DE FAIRE LE NECESSAIRE/RUSH PAS EN GALERIE DOIT VERIF AVEC SES COLLEGUES EN SLB | M14: CHARGÉ
A15: 46268 | B15: EI | C15: EI909 | D15: 11H10 | E15: EI217604 | F15: 1 | G15: LOCAL | I15: JETEE T1 09H06 | K15: CLASSE NON CORRECTE | L15: BAG CHARGE EN CONTENANT AKH67388EI/ J+1 SNNEI76763 EN ATTENTE DE FWD | M15: NON CHARGÉ | N15: 18 - Bag not authorized to load
A16: 46268 | B16: EI | C16: EI909 | D16: 11H10 | E16: EI217607 | F16: 1 | G16: LOCAL | I16: T1 ARRIVEE 2 10H45 | L16: BAG DECHARGE DE CONTENANT AKH67388EI ET DEPOSE T1 ARRIVEE/ J+1 SNNEI76763 EN ATTENTE DE FWD | M16: NON CHARGÉ | N16: 18 - Bag not authorized to load
A17: 46268 | B17: EI | C17: EI909 | D17: 11H10 | E17: MH871123 | F17: 1 | G17: MH021 | H17: 06H21 | I17: T1 ARRIVEE 2 10H45 | K17: ARRIVEE TARDIVE | L17: DECHARGE DE NAVETTE 08H22 SAT 1 / BAG ENVOYE SOUS BORD MAIS REFUSE /ENOIYE JETEE T1 10H44/RETOUR LL ET DEPOSE T1 ARRIVEE 10H44/ J+1 SNNEI76762 EN ATTENTE DE FWD | M17: NON CHARGÉ | N17: 18 - Bag not authorized to load
A18: 46268 | B18: EI | C18: EI523 | D18: 11H15 | E18: EI218542 | F18: 1 | G18: LOCAL | I18: T1 EJECTION 10H34 | L18: EJECTION TARDIVE/ J+1 DUBEI28845 EN ATTENTE DE FWD | M18: NON CHARGÉ | N18: 64 - Unserviceable equipment / belt / sortation system
A19: 46268 | B19: EI | C19: EI523 | D19: 11H15 | E19: EI218708 | F19: 1 | G19: LOCAL | I19: JETEE T1 11H41 | K19: EJECTION TARDIVE | L19: EJECTION TARDIVE BAG SCANNE SUR LE MAUVAIS VOL /J+1 DUBEI28845 EN ATTENTE DE FWD | M19: NON CHARGÉ | N19: 64 - Unserviceable equipment / belt / sortation system
A20: 46268 | B20: EI | C20: EI523 | D20: 11H15 | E20: UA238710 | F20: 1 | G20: UA915 | H20: 07H49 | I20: SAT 1 /08H09 | K20: EJECTION TARDIVE | L20: EJETION JETEE T1 A 10H44/DEPOSE T1 ARRIVEE LL/ J+1 DUBEI28848 | M20: NON CHARGÉ | N20: 64 - Unserviceable equipment / belt / sortation system
A21: 46268 | B21: EI | C21: EI523 | D21: 11H15 | E21: UA189600 | F21: 1 | G21: UA915 | H21: 07H49 | I21: JETEE T1 10H43 | K21: EJECTION TARDIVE | L21: EJETION JETEE T1 A 10H44/DEPOSE T1 ARRIVEE LL/ J+1 DUBEI28848 | M21: NON CHARGÉ | N21: 64 - Unserviceable equipment / belt / sortation system
A22: 46268 | B22: EI | C22: EI523 | D22: 11H15 | E22: UA032310 | F22: 1 | G22: UA915 | H22: 07H49 | I22: SAT 1 /08H09 | K22: EJECTION TARDIVE | L22: EJETION JETEE T1 A 10H44/DEPOSE T1 ARRIVEE LL/ J+1 DUBEI28848 | M22: NON CHARGÉ | N22: 64 - Unserviceable equipment / belt / sortation system
A23: 46268 | B23: EI | C23: EI523 | D23: 11H15 | E23: MH870031 | F23: 1 | G23: MH021 | H23: 06H21 | I23: JETEE T1 10GH44 | K23: EJECTION TARDIVE | L23: EJETION JETEE T1 A 10H44/DEPOSE T1 ARRIVEE LL/ J+1 DUBEI28855 | M23: NON CHARGÉ | N23: 64 - Unserviceable equipment / belt / sortation system
A24: 46268 | B24: EI | C24: EI523 | D24: 11H15 | E24: MH869996 | F24: 1 | G24: MH021 | H24: 06H21 | I24: JETEE T1 10H44 | K24: EJECTION TARDIVE | L24: EJETION JETEE T1 A 10H44/DEPOSE T1 ARRIVEE LL/ J+1 DUBEI28855 | M24: NON CHARGÉ | N24: 64 - Unserviceable equipment / belt / sortation system
A25: 46268 | B25: EI | C25: EI523 | D25: 11H15 | E25: MH869978 | F25: 1 | G25: MH021 | H25: 06H21 | I25: JETEE T1 10H44 | K25: EJECTION TARDIVE | L25: EJETION JETEE T1 A 10H44/DEPOSE T1 ARRIVEE LL/ J+1 DUBEI28855 | M25: NON CHARGÉ | N25: 64 - Unserviceable equipment / belt / sortation system
A26: 46268 | B26: EI | C26: EI523 | D26: 11H15 | E26: MH869966 | F26: 1 | G26: MH021 | H26: 06H21 | I26: JETEE T1 10H44 | K26: EJECTION TARDIVE | L26: EJETION JETEE T1 A 10H44/DEPOSE T1 ARRIVEE LL/ J+1 DUBEI28855 | M26: NON CHARGÉ | N26: 64 - Unserviceable equipment / belt / sortation system
A27: 46268 | B27: EI | C27: EI523 | D27: 11H15 | E27: MH872323 | F27: 1 | G27: MH021 | H27: 06H21 | I27: BSM ONLY | K27: PAS DE TRACE | L27: EJETION JETEE T1 A 10H44/DEPOSE T1 ARRIVEE LL/ J+1 DUBEI28855 | M27: NON CHARGÉ | N27: 64 - Unserviceable equipment / belt / sortation system
A28: 46268 | B28: EI | C28: EI523 | D28: 11H15 | E28: EI218711 | F28: 1 | G28: LOCAL | I28: JETEE T1 11H42 | K28: EJECTION TARDIVE | L28: BAG SCANNE SUR UN AUTRE VOL EI525/ J+1 DUBEI28841 | M28: NON CHARGÉ | N28: 66- responsibility airport services
A29: 46268 | B29: EI | C29: EI523 | D29: 11H15 | E29: AF155186 | F29: 1 | G29: AF453 | H29: 07H05 | I29: JETEE T1 11H55 | K29: EJECTION TARDIVE | L29: BAG SCANNE SUR UN AUTRE VOL EI525/ J+1 DUBEI28857 | M29: NON CHARGÉ | N29: 66- responsibility airport services
A30: 46268 | B30: EI | C30: EI523 | D30: 11H15 | E30: AC574766 | F30: 1 | G30: UA915 | H30: 07H49 | I30: BSM ONLY | K30: PAS DE TRACE | L30: VU EN REQUETEUR/PAS DE TRACE A CDG/ MICNX IAD J+1 DUBEI28847 FO UA915/02SEP/EI521/03SEP NON RECU | M30: NON CHARGÉ | N30: 56 - Online - own carrier - MCT not available
A31: 46268 | B31: EI | C31: EI523 | D31: 11H15 | E31: MH872673 | F31: 1 | G31: MH021 | H31: 06H21 | I31: BSM ONLY | K31: PAS DE TRACE | L31: VU EN REQUETEUR/PAS DE TRACE A CDG/ J+1 DUBEI28842 | M31: NON CHARGÉ | N31: 64 - Unserviceable equipment / belt / sortation system
A32: 46268 | B32: EI | C32: EI523 | D32: 11H15 | E32: UA015580 | F32: 1 | G32: UA915 | H32: 07H49 | I32: BSM ONLY | J32: HBAG | K32: PAS DE TRACE | L32: VU EN REQUETEUR/PAS DE TRACE A CDG/ J+1 PAS DE DOSSIER OUVERT AVEC CE TAG | M32: CHARGÉ
A33: 46268 | B33: EI | C33: EI523 | D33: 11H15 | E33: UA879071 | F33: 1 | G33: UA915 | H33: 07H49 | I33: BSM ONLY | K33: PAS DE TRACE | L33: VU EN REQUETEUR/PAS DE TRACE A CDG MISCNX AT IAD / J+1 DUBEI28843 FO UA310/05SEP | M33: NON CHARGÉ | N33: 56 - Online - own carrier - MCT not available
A34: 46268 | B34: EI | C34: EI525 | D34: 13H15 | E34: EI218815 | F34: 1 | G34: LOCAL | I34: BSM ONLY | J34: STRL | L34: STROLLER | M34: CHARGÉ
A35: 46268 | B35: EI | C35: EI523 | D35: 16H30 | E35: EI219420 | F35: 1 | G35: LOCAL | I35: BSM ONLY | J35: WCH | K35: PAS DE TRACE | L35: WCHR/APPEL LEAD EI A 16H30/APPELE LE COORDO A SON TOUR/ASSURE QUE LA CHAISE A ÉTÉ CHARGEE MAIS PAS SCANNE/SCANNE MANUELLEMENT APRES LE DEP | M35: SAUVÉ
A36: 46268 | B36: EI | C36: EI523 | D36: 21H55 | E36: EI130152 | F36: 1 | G36: RUSH | I36: AUCUNE TRACE | K36: BSM ONLY 16H27 | L36: APPEL DIRBY T1 A 21H07/DIT QUE LE RUSH A BIEN ÉTÉ ENVOYE MALGRE LE MANQUE DE TRACE/APPEL SUP GALERIE T1 /RUSH EN GAL MAIS PAS SCANNE | M36: SAUVÉ
A37: 46268 | B37: EI | C37: EI523 | D37: 21H55 | E37: EI130151 | F37: 1 | G37: RUSH | I37: T1 CYNO MJ90 21H09 | K37: PAS DE MVT | L37: APPEL GALERIE T1 A 21H12 ET SIGNALE POUR LE RECUPERER | M37: SAUVÉ
A38: 46269 | B38: EI | C38: EI521 | D38: 10H20 | E38: AF256896 | F38: 1 | G38: AF4199 | H38: 08H25 | I38: WJ43 09H53 | K38: SHORT CONNEX | L38: APPEL GALERIE T1 POUR ENVOIE SOUS BORD | M38: SAUVÉ
A39: 46269 | B39: EI | C39: EI521 | D39: 10H20 | E39: BR703261 | F39: 1 | H39: 08H25 | I39: REBUT T1 | L39: APPEL GALERIE T1 POUR ENVOIE SOUS BORD A 09H40 PUIS LOCALISE AU REBUT T1 A 09H53 - AHLDUBEI28991 PAS DE RUSH PREVU A J+1 | M39: NON CHARGÉ | N39: 66- responsibility airport services
A40: 46269 | B40: EI | C40: EI521 | D40: 10H20 | E40: AF245898 | F40: 1 | G40: AF4199 | H40: 08H25 | I40: DECHARGE AU SAT1 A 10H29 | K40: SHORT CONNEX | L40: ARRIVE AU SAT T1 A 10H29 TROP TARD POUR CHARGEMENT - AHLDUBEI28990 PAS DE RUSH PREVU A J+1 | M40: NON CHARGÉ | N40: 52 - Interline MCT not available ( MCT initialement non respecté)
A41: 46269 | B41: EI | C41: EI521 | D41: 10H20 | E41: AF256220 | F41: 1 | G41: AF4199 | H41: 08H25 | I41: DECHARGE AU SAT1 A 10H29 | K41: SHORT CONNEX | L41: ARRIVE AU SAT T1 A 10H29 TROP TARD POUR CHARGEMENT - AHLDUBEI28993 PAS DE RUSH PREVU A J+1 | M41: NON CHARGÉ | N41: 52 - Interline MCT not available ( MCT initialement non respecté)
A42: 46269 | B42: EI | C42: EI521 | D42: 10H20 | E42: AF245882 | F42: 1 | G42: AF4199 | H42: 08H25 | I42: 2E TRI A 09H58 | K42: SHORT CONNEX | L42: BAG INJEC CONNEX 2E A 09H57/ LOCALISE EN JETEE 113 CYNO A 10H07 PUIS AU QSE A 10H43 POUR ETRE ENTREE AU KUBE A 12H19 ET EN SORTIR A 16H36 - AHLDUBEI28990 PAS DE RUSH PREVU A J+1 | M42: NON CHARGÉ | N42: 52 - Interline MCT not available ( MCT initialement non respecté)
A43: 46269 | B43: EI | C43: EI523 | D43: 11H15 | E43: HM513129 | F43: 1 | I43: DEPART VERS PISTE 10H24 | K43: PAS DE TRACE DE CHARGEMENT | L43: CHECK BAGRADAR DEPART VERS PISTE 10H24 - PROBABLEMENT CHARGE SANS SCAN - PAS DE DOSSIER OUVERT A J+1 | M43: CHARGÉ
A44: 46269 | B44: EI | C44: EI527 | D44: 16H30 | E44: EI130458 | F44: 1 | G44: RUSH | I44: REBUT T1 16H13 | K44: EJECTION TARDIVE | L44: APPEL GALERIE T1 A 16H28/DIT QUE C'EST TROP TARD POUR CHARGEMENT - AHLCDGEI12284 PAS DE RUSH PREVU A J+1 | M44: NON CHARGÉ | N44: 66- responsibility airport services
A45: 46269 | B45: EI | C45: EI529 | D45: 21H55 | E45: AF273447 | F45: 1 | G45: AF0473 | H45: 19H27 | I45: T1 EJECTION WJ34 20H49 | K45: AF573447 RENTRE ISO AF273447 | L45: APPEL LEADER EI A 20H57 ET DEMANDE DE CORRIGER LE TN CAR LE BON TN EN ATTENTE ET LE TN ERRONE PAS DE TRACE | M45: SAUVÉ
A46: 46269 | B46: EI | C46: EI529 | D46: 21H55 | E46: AF244480 | F46: 1 | G46: AF4199 | H46: 08H23 | I46: WJ41 10H43/M91 A 21H35 | J46: RRTE | K46: BSM CREE 21H35 | L46: RRTE DU EI521/APPEL NAV T1/T2 21H45/NEG EN M91/APPEL GAL T1 21H50/NEG EN WJ41 ET REBUT T1/APPEL DIRBY T1 21H59/DIT QUE PLUS PERSONNE EN GAL ET TROP DE TRAVAIL - AHLDUBEI29070 PAS DE RUSH PREVU A J+1 | M46: NON CHARGÉ | N46: 66- responsibility airport services
A47: 46269 | B47: EI | C47: EI529 | D47: 21H55 | E47: EY539260 | F47: 1 | G47: INCONNU | I47: AUCUNE TRACE | K47: BSM CREE 21H32 | L47: NEGATIF EN BAGRADAR ET REQUETEUR/PAS DE TRACE EN BOB/NON VU DANS LES TRIEURS SUR CDG/PAD DE FWD - PAS DE DOSSIER NI RUSH PREVU | M47: CHARGÉ
A48: 46270 | B48: EI | C48: EI521 | D48: 10H20 | E48: GF044984 | F48: 1 | G48: GF019/04SEP | H48: 07H55 | I48: M91 10H30 | L48: ENVOI BAGRUNNER POUR RECUP / BAG DÉJÀ PRIS EN CHARGE PAR LA NAVETTE / INJECTION T1 10H57 TROP TARD POUR CHARGEMENT - AHLDUBEI29123 O/B EI529/05SEP | M48: NON CHARGÉ | N48: 53 - Interline MCT not available ( MCT initialement OK)
A49: 46270 | B49: EI | C49: EI521 | D49: 10H20 | E49: EI130553 | F49: 1 | G49: RUSH | I49: BSM CREATION 04/09 20H13 | K49: PAS DE MVT | L49: APPEL DIRBY T1 POUR INJECTION 08H30 - AHLMRSEI10436 | M49: NON CHARGÉ | N49: 66- responsibility airport services
A50: 46270 | B50: EI | C50: EI521 | D50: 10H20 | E50: EI130150 | F50: 1 | G50: RUSH | I50: PISTE 10H00 | L50: REFUS CAR EN BAGERA LE BAGAGE EST ENREGISTRE SUR UN AUTRE VOL - AHLBNAEI10329 O/B EI521/EI77/06SEP | M50: NON CHARGÉ | N50: 66- responsibility airport services
A51: 46270 | B51: EI | C51: EI523 | D51: 11H15 | E51: EI130600 | F51: 1 | G51: RUSH | I51: T1 CYNO MJ90 09H46 | L51: APPEL GALERIE T1 POUR INJECTION 10H30 | M51: SAUVÉ
A52: 46270 | B52: EI | C52: EI523 | D52: 11H15 | E52: EI224323 | F52: 1 | G52: LOCAL | I52: T1 CYNO MJ90 10H27 | L52: APPEL GALERIE T1 POUR INJECTION 10H30 | M52: SAUVÉ
A53: 46270 | B53: EI | C53: EI523 | D53: 11H15 | E53: EI224752 | F53: 1 | G53: LOCAL | I53: T1 CYNO MJ90 10H25 | L53: APPEL GALERIE T1 POUR INJECTION 10H30 | M53: SAUVÉ
A54: 46270 | B54: EI | C54: EI523 | D54: 11H15 | E54: EI130608 | F54: 1 | G54: RUSH | I54: T1 GE16 HORS FORMAT 08H28 | L54: APPEL DIRBY T1 POUR INJECTION 10H00 | M54: SAUVÉ
A55: 46270 | B55: EI | C55: EI523 | D55: 11H15 | E55: MH554463 | F55: 1 | G55: MH020 | H55: 06H55 | I55: JETEE T1 10H52 | K55: BSM CREATION TARDIVE | L55: DEPART VERS PISTE A 10H52 / BAG REFUSE BSM CREATION 11H40 - AHLDUBEI29128 PAS DE RUSH PREVU A J+1 | M55: NON CHARGÉ | N55: 53 - Interline MCT not available ( MCT initialement OK)
A56: 46270 | B56: EI | C56: EI523 | D56: 11H15 | E56: MH554464 | F56: 1 | G56: MH020 | H56: 06H55 | I56: JETEE T1 10H52 | K56: BSM CREATION TARDIVE | L56: DEPART VERS PISTE A 10H52 / BAG REFUSE BSM CREATION 11H40 - AHLDUBEI29128 PAS DE RUSH PREVU A J+1 | M56: NON CHARGÉ | N56: 53 - Interline MCT not available ( MCT initialement OK)
A57: 46270 | B57: EI | C57: EI523 | D57: 11H15 | E57: MH555006 | F57: 1 | G57: MH020 | H57: 06H55 | I57: JETEE T1 10H52 | K57: BSM CREATION TARDIVE | L57: DEPART VERS PISTE A 10H52 / BAG REFUSE BSM CREATION 11H40 - AHLDUBEI29127 PAS DE RUSH PREVU A J+1 | M57: NON CHARGÉ | N57: 53 - Interline MCT not available ( MCT initialement OK)
A58: 46270 | B58: EI | C58: EI523 | D58: 11H15 | E58: MH555009 | F58: 1 | G58: MH020 | H58: 06H55 | I58: JETEE T1 10H53 | K58: BSM CREATION TARDIVE | L58: DEPART VERS PISTE A 10H52 / BAG REFUSE BSM CREATION 11H40 - AHLDUBEI21927 PAS DE RUSH PREVU A J+1 | M58: NON CHARGÉ | N58: 53 - Interline MCT not available ( MCT initialement OK)
A59: 46270 | B59: EI | C59: EI523 | D59: 11H15 | E59: AF343916 | F59: 1 | G59: AF832 | H59: 07H55 | I59: JETEE T1 10H54 | K59: BSM CREATION TARDIVE | L59: DEPART VERS PISTE A 10H52 / BAG REFUSE BSM CREATION 11H39 - AHLDUBEI29120 O/B EI529/05SEP | M59: NON CHARGÉ | N59: 53 - Interline MCT not available ( MCT initialement OK)
A60: 46270 | B60: EI | C60: EI525 | D60: 13H15 | E60: EI130641 | F60: 1 | G60: RUSH | I60: PAS DE LOC | K60: PAS DE MVT | L60: APPEL DIRBY 12H30 POUR ENVOYER BAG S/BORD - AHLDUBEI28855 PAS DE RUSH PREVU A J+1 | M60: NON CHARGÉ | N60: 66- responsibility airport services
A61: 46270 | B61: EI | C61: EI525 | D61: 13H15 | E61: EI130645 | F61: 1 | G61: RUSH | I61: PAS DE LOC | K61: PAS DE MVT | L61: APPEL DIRBY 12H30 POUR ENVOYER BAG S/BORD - AHLDUBEI28855 PAS DE RUSH PREVU A J+1 | M61: NON CHARGÉ | N61: 66- responsibility airport services
A62: 46270 | B62: EI | C62: EI527 | D62: 17H00 | E62: QR211030 | F62: 1 | G62: QR039 | I62: PAS DE TRACE | L62: 16H08 : ENREGISTREMENT TARDIF - NEG DANS TOUS SYSTEMES - AHLDUBEI29160 O/B EI521/06SEP | M62: NON CHARGÉ | N62: 53 - Interline MCT not available ( MCT initialement OK)
A63: 46270 | B63: EI | C63: EI527 | D63: 17H00 | E63: QR211031 | F63: 1 | G63: QR039 | H63: 15H08 | L63: 16H08 : ENREGISTREMENT TARDIF - NEG DANS TOUS SYSTEMES - AHLDUBEI29160 PAS DE RUSH PREVU A J+1 | M63: NON CHARGÉ | N63: 53 - Interline MCT not available ( MCT initialement OK)
A64: 46270 | B64: EI | C64: EI527 | D64: 17H00 | E64: QR214321 | F64: 1 | G64: QR039 | H64: 15H08 | L64: 16H08 : ENREGISTREMENT TARDIF - NEG DANS TOUS SYSTEMES - AHLDUBEI29157 PAS DE RUSH PREVU J+1 | M64: NON CHARGÉ | N64: 53 - Interline MCT not available ( MCT initialement OK)
A65: 46270 | B65: EI | C65: EI527 | D65: 17H00 | E65: QR214344 | F65: 1 | G65: QR039 | H65: 15H08 | L65: 16H08 : ENREGISTREMENT TARDIF - NEG DANS TOUS SYSTEMES - AHLDUBEI29159 PAS DE RUSH PREVU J+1 | M65: NON CHARGÉ | N65: 53 - Interline MCT not available ( MCT initialement OK)
A66: 46270 | B66: EI | C66: EI527 | D66: 17H00 | E66: QR214644 | F66: 1 | G66: QR039 | H66: 15H08 | L66: 16H08 : ENREGISTREMENT TARDIF - NEG DANS TOUS SYSTEMES - AHLDUBEI29159 PAS DE RUSH PREVU J+1 | M66: NON CHARGÉ | N66: 53 - Interline MCT not available ( MCT initialement OK)
A67: 46270 | B67: EI | C67: EI527 | D67: 17H00 | E67: QR223785 | F67: 1 | G67: QR039 | H67: 15H08 | L67: 16H08 : ENREGISTREMENT TARDIF - NEG DANS TOUS SYSTEMES - AHLDUBEI29159 PAS DE RUSH PREVU J+1 | M67: NON CHARGÉ | N67: 53 - Interline MCT not available ( MCT initialement OK)
A68: 46270 | B68: EI | C68: EI527 | D68: 17H00 | E68: QR223941 | F68: 1 | G68: QR039 | H68: 15H08 | L68: 16H08 : ENREGISTREMENT TARDIF - NEG DANS TOUS SYSTEMES - AHLDUBEI29160 PAS DE RUSH PREVU A J+1 | M68: NON CHARGÉ | N68: 53 - Interline MCT not available ( MCT initialement OK)
A69: 46270 | B69: EI | C69: EI527 | D69: 17H00 | E69: EI226960 | F69: 1 | G69: LOCAL | L69: GALERIE T1 CONTACTE A 17H10 POST DEPART PAS DE LOCAUX RESTANTS - DERNIERE LOC EN WJ34 A 15H52 - PAS DE DOSSIER A J+1 PROBABLEMENT CHARGE SANS SCAN | M69: CHARGÉ
A70: 46270 | B70: EI | C70: EI527 | D70: 17H00 | E70: QR214407 | F70: 1 | G70: QR039 | H70: 15H08 | I70: PAS DE TRACE | L70: 16H08 ENREGISTREMENT TARDIF - NEG DANS TOUS SYSTEMES - AHLDUBEI29157 PAS DE RUSH PREVU J+1 | M70: NON CHARGÉ | N70: 53 - Interline MCT not available ( MCT initialement OK)
A71: 46271 | B71: EI | C71: EI909 | D71: 11H10 | E71: EI130449 | F71: 1 | G71: RUSH | I71: GE16 | L71: APPEL DIRBY POUR INJECT 10H00 - AHLSNNEI76762 PAS DE NOUVEAU RUSH PREVU A J+1 | M71: NON CHARGÉ | N71: 66- responsibility airport services
A72: 46271 | B72: EI | C72: EI909 | D72: 11H10 | E72: EI229278 | F72: 1 | G72: LOCAL | L72: BAG 5KG BAG CABINE - PAS DE DOSSIE ROUVERT A J+1 | M72: CHARGÉ
A73: 46271 | B73: EI | C73: EI523 | D73: 11H15 | E73: AA493672 | F73: 1 | I73: BSM CREA 10H40 | K73: CREATION TARDIVE 10H40 | L73: AUCUNE TRACE DANS NOS DIFFERENTS SYSTEMES A J+1 BAG LOCALISE EN OHDCDGAA63001 - AHLCMHAA32559 | M73: NON CHARGÉ | N73: 27 - Local passenger rerouted / Bag not rerouted
A74: 46271 | B74: EI | C74: EI523 | D74: 11H15 | E74: AA493673 | F74: 1 | I74: BSM CREA 10H40 | K74: CREATION TARDIVE 10H40 | L74: AUCUNE TRACE DANS NOS DIFFERENTS SYSTEMES A J+1 BAG LOCALISE EN OHDCDGAA63003 - AHLCMHAA32559 | M74: NON CHARGÉ | N74: 27 - Local passenger rerouted / Bag not rerouted
A75: 46271 | B75: EI | C75: EI523 | D75: 11H15 | E75: AA493674 | F75: 1 | I75: BSM CREA 10H33 | K75: CREATION TARDIVE 10H33 | L75: AUCUNE TRACE DANS NOS DIFFERENTS SYSTEMES A J+1 BAG LOCALISE EN OHDCDGAA63004 - AHLCMHAA32559 | M75: NON CHARGÉ | N75: 27 - Local passenger rerouted / Bag not rerouted
A76: 46271 | B76: EI | C76: EI523 | D76: 11H15 | E76: AA493675 | F76: 1 | I76: BSM CREA 10H33 | K76: CREATION TARDIVE 10H33 | L76: AUCUNE TRACE DANS NOS DIFFERENTS SYSTEMES A J+1 BAG LOCALISE EN OHDCDGAA63000 - AHLCMHAA32559 | M76: NON CHARGÉ | N76: 27 - Local passenger rerouted / Bag not rerouted
A77: 46271 | B77: EI | C77: EI523 | D77: 11H15 | E77: EI229536 | F77: 1 | G77: LOCAL | I77: BSM CREA 09H43 | K77: PAS DE MVT | L77: BAGS DE 6KGS PRBL POUSSETTE / APPEL LEADER VOL INJOIGNABLE - PAS DE DOSSIER OUVERT A J+1 | M77: CHARGÉ
A78: 46271 | B78: EI | C78: EI525 | D78: 13H15 | E78: EI130768 | F78: 1 | G78: RUSH | I78: T1 GE 16 HF 13H05 | K78: ARRIVEE TARDIVE | L78: APPEL DIRBY 12H10+12H15+12H20/PAS DE REPONSE/ BAG ENVOYE TROP TARD - OHDCDGEI12286 ENVOI LZ PAS DE RUSH PREVU A J+1 | M78: NON CHARGÉ | N78: 66- responsibility airport services
A79: 46271 | B79: EI | C79: EI529 | D79: 21H55 | E79: EI130835 | F79: 1 | G79: RUSH | I79: PAS DE TRACE | K79: PAS DE TRACE | L79: 20H42 : APPEL DIRBY T1 - SANS REPONSE - AHLDUBEI29128 PAS DE NOUVEAU RUSH A J+1 | M79: NON CHARGÉ | N79: 66- responsibility airport services
A80: 46271 | B80: EI | C80: EI529 | D80: 21H55 | E80: EI130836 | F80: 1 | G80: RUSH | I80: PAS DE TRACE | K80: PAS DE TRACE | L80: 20H42 : APPEL DIRBY T1 - SANS REPONSE - AHLDUBEI29128 PAS DE NOUVEAU RUSH A J+1 | M80: NON CHARGÉ | N80: 66- responsibility airport services
A81: 46271 | B81: EI | C81: EI529 | D81: 21H55 | E81: EI130837 | F81: 1 | G81: RUSH | I81: PAS DE TRACE | K81: PAS DE TRACE | L81: 20H42 : APPEL DIRBY T1 - SANS REPONSE - AHLDUBEI28855 PAS DE NOUVEAU RUSH A J+1 | M81: NON CHARGÉ | N81: 66- responsibility airport services
A82: 46271 | B82: EI | C82: EI529 | D82: 21H55 | E82: EI130838 | F82: 1 | G82: RUSH | I82: PAS DE TRACE | K82: PAS DE TRACE | L82: 20H42 : APPEL DIRBY T1 - SANS REPONSE - AHLDUBEI29156 PAS DE NOUVEAU RUSH A J+1 | M82: NON CHARGÉ | N82: 66- responsibility airport services
A83: 46272 | B83: EI | C83: EI521 | D83: 10H20 | E83: AF494436 | F83: 1 | G83: AF283 | H83: 06H35 | I83: PISTE | K83: REFUS CHARGEMENT | L83: 08H08 A 08H57 : TENTATIVE CHARGEMENT MAIS BAG NON AUTORISE → 10H01 : BAG EN PISTE MAIS REFUS CHARGEMENT → TENTATIVE DE JOINDRE LEAD EI MAIS NEG /J+1 DUBEI29274 -Aucune trace de rush | M83: NON CHARGÉ | N83: 53 - Interline MCT not available ( MCT initialement OK)
A84: 46272 | B84: EI | C84: EI521 | D84: 10H20 | E84: AF616856 | F84: 1 | G84: AF283 | H84: 06H35 | I84: PISTE | K84: REFUS CHARGEMENT | L84: CHECK S/ BOB :DERNIERE TRACE JETEE T1 DPT SUR PISTE A 09H40 → APRES RECHERCHE ERREUR CKIN : TAG INITIAL 6E616856 →09H50 :CTC LEAD EI POUR CHANGEMENT: INJOIGNABLE → BAG NON AUTORISE /DUBEI29273 | M84: NON CHARGÉ | N84: 11 - Incorrect or no entries on tag
A85: 46272 | B85: EI | C85: EI521 | D85: 10H20 | E85: AF616869 | F85: 1 | G85: AF283 | H85: 06H35 | I85: PISTE | K85: REFUS CHARGEMENT | L85: CHECK S/ BOB :DERNIERE TRACE JETEE T1 DPT SUR PISTE A 09H40 → APRES RECHERCHE ERREUR CKIN : TAG INITIAL 6E616869 →09H50 :CTC LEAD EI POUR CHANGEMENT: INJOIGNABLE → BAG NON AUTORISE /DUBEI29273 | M85: NON CHARGÉ | N85: 11 - Incorrect or no entries on tag
A86: 46272 | B86: EI | C86: EI521 | D86: 10H20 | E86: EI233163 | F86: 1 | G86: LOCAL | I86: T1 EJECTION WJ43 08H37 | J86: BAG SOUTE S/SCAN | K86: PAS DE MVT | L86: 09h20 : APPEL GALERIE T1 POUR VERIF + ENVOI S/ BORD → CONFIRMATION RECU BAG BIEN PARTI SUR LA JETEE DEPART / J+1 PAS DE DOSSIER OUVERT | M86: CHARGÉ
A87: 46272 | B87: EI | C87: EI525 | D87: 13H15 | E87: AC031401 | F87: 1 | G87: AC870 | I87: PISTE A 12H50 | K87: LOAD OK CIE | L87: BAG A TRAITER MAIS LOAD OK CIE /PAX A OUVERT UN DOSSIER A DUB MAIS BAG BIEN CHARGE AU DPT DE CDG | M87: CHARGÉ
A88: 46272 | B88: EI | C88: EI527 | D88: 16H30 | E88: EI235253 | F88: 1 | G88: LOCAL | I88: AUCUNE TRACE | J88: HBAG | K88: PAS DE MVT | L88: 16H45 : APPEL LEADER EI MAIS INJOIGNABLE→ POSSIBLE BAGAGE CABINE OU POUSSETTE DE 5KG PRIS A BORD PAR PAX J+1 PAS D EDOSSIER OUVERT | M88: CHARGÉ
A89: 46272 | B89: EI | C89: EI529 | D89: 21H55 | E89: EI131056 | F89: 1 | G89: RUSH | I89: AUCUNE TRACE | K89: BSM 16H04 | L89: APPEL DIRBY T1 A PLUSIEURS REPRISES AVANT LE DEPART DU VOL MAIS INJOIGNABLE | M89: NON CHARGÉ | N89: 21 - Bag left at station origin / correctly labelled
A90: 46273 | B90: EI | C90: EI521 | D90: 10H20 | E90: AC076896 | F90: 1 | G90: AC874 | H90: 07H41 | I90: PAS DE LOC | K90: PAS DE MVT | L90: VU AVEC AC / VELO / BAG BIEN CHARGER SUR LE VOL D APPORT/ APPEL SBA POUR VERIFIER EN SLB 08H50 NEG/ENVOI BAG RUNNER 09H BAG INTROUVABLE//J+1 PAS DE DOSSIER CHARGE | M90: CHARGÉ
A91: 46273 | B91: EI | C91: EI521 | D91: 10H20 | E91: AF609295 | F91: 1 | G91: AF149 | H91: 07H16 | I91: PAS DE LOC | K91: PAS DE MVT | L91: CHECK BOB / DERNIERE TRACE RAPATRIEMENT A 07H40/ APPEL NAVETTE 09H17 NEG / APPEL GALERIE T1 POUR ENVOI SOUS BORD 10H00 | M91: SAUVÉ
A92: 46273 | B92: EI | C92: EI521 | D92: 10H20 | E92: AC090941 | F92: 1 | I92: T1 CYNO 09H33 | K92: PAS DE MVT | L92: APPEL GALERIE T1 POUR ENVOI SOUS BORD 10H00 | M92: SAUVÉ
A93: 46273 | B93: EI | C93: EI521 | D93: 10H20 | E93: EI131096 | F93: 1 | G93: RUSH | I93: BSM CREA 18H56 | K93: PAS DE MVT | L93: APPEL DIRBY POUR INJECTION 09H00 INJOIGNABLE | M93: NON CHARGÉ
A94: 46273 | B94: EI | C94: EI521 | D94: 10H20 | E94: EI236851 | F94: 1 | G94: LOCAL | I94: T1 INJECTION WD4 08H40 | K94: PAS DE MVT | L94: APPEL GALERIE T1 POUR VERIF 09H30 / BAG INTROUVABLE//J+1 AHL IADEI19405 | M94: NON CHARGÉ | N94: 64 - Unserviceable equipment / belt / sortation system
A95: 46273 | B95: EI | C95: EI521 | D95: 10H20 | E95: EI236389 | F95: 1 | G95: LOCAL | I95: BSM CREA 07H35 | J95: STRL | K95: PAS DE MVT | L95: BAGS 6KGS PRBL BAG CABINE / APPEL COORDO 10H26 INJOIGNABLE / J+1 STRL PRIS RN CABINE | M95: CHARGÉ
A96: 46273 | B96: EI | C96: EI521 | D96: 10H20 | E96: EI236705 | F96: 1 | G96: LOCAL | I96: BSM CREA 08H20 | J96: HBAG | K96: PAS DE MVT | L96: BAGS 11KGS PRBL POUSSETTE / APPEL COORDO 10H26 INJOIGNABLE / J+1 HBAG PAS DE DOSSIER | M96: CHARGÉ
A97: 46274 | B97: EI | C97: EI521 | D97: 10H20 | E97: KL822622 | F97: 1 | G97: KL1401 | H97: 08H16 | I97: QSEDLK A 09H42 | K97: HOT CNX | L97: BSM CREATION A 09H42 →BAG LOCALISE AU QSE → TROP TARD POUR LE VOL AU T1 DPT 10H20//J+1 AHL DUBEI29434 FWD AF1016/09SEP | M97: NON CHARGÉ | N97: 53 - Interline MCT not available ( MCT initialement OK)
A98: 46274 | B98: EI | C98: EI521 | D98: 10H20 | E98: KL823133 | F98: 1 | G98: KL1401 | H98: 08H16 | I98: QSEDLK A 09H42 | K98: HOT CNX | L98: BSM CREATION A 09H42 →BAG LOCALISE AU QSE → TROP TARD POUR LE VOL AU T1 DPT 10H20//J+1 AHL DUBEI29437 | M98: NON CHARGÉ | N98: 53 - Interline MCT not available ( MCT initialement OK)
A99: 46274 | B99: EI | C99: EI521 | D99: 10H20 | E99: AZ284800 | F99: 1 | G99: KL1401 | H99: 08H16 | I99: PAS DE LOC A CDG A 10H15 | K99: PAS DE TRACE | L99: NEG /BAGRADAR/REQUETEUR//J+1 AHL DUBEI29429 FWD AZ110/09SEP/KL1145/09SEP MISCO FORM FCO | M99: NON CHARGÉ | N99: 53 - Interline MCT not available ( MCT initialement OK)
A100: 46274 | B100: EI | C100: EI521 | D100: 10H20 | E100: EI131206 | F100: 1 | G100: RUSH | I100: PAS DE LOC DEPUIS CREATION | K100: PAS DE TRACE | L100: 09H50 : CTC DIRBY T1 POUR ACTION | M100: NON CHARGÉ | N100: 21 - Bag left at station origin / correctly labelled
A101: 46274 | B101: EI | C101: EI521 | D101: 10H20 | E101: EI239729 | F101: 1 | G101: LOCAL | I101: PAS DE LOC DEPUIS CREATION | J101: HBAG | K101: PAS DE TRACE | L101: PROBABLEMENT HAND BAG DE 09KG A //J+1 HBAG PAS DE DOSSIER PRIS EN CABINE | M101: CHARGÉ
...

Sheet JOUR PAR JOUR
A1: FLUX BAGAGES — JOUR PAR JOUR — EI — AER LINGUS
A3: COMPTE RENDU DE SUPERVISION • SEPTEMBRE 2026 • EI — AER LINGUS
A5: DATE AFFICHÉE ▶ | C5: 46267 | AA5: 46266
AA6: 46267
A7: RÉCAPITULATIF JOURNALIER • Changer la date en C5 | I7: DOSSIERS DU JOUR • Filtrer la date dans DOSSIERS pour consulter les détails | AA7: 46268
A8: CIE | B8: BAG. ATTENDUS | C8: DOSSIERS | D8: SAUVÉS | E8: CHARGÉS | F8: NON CHARGÉS | G8: ANNULÉS | I8: Le récapitulatif se met à jour avec la date C5. Pour afficher et imprimer les dossiers détaillés du jour, utilisez le filtre DATE de la feuille DOSSIERS. | AA8: 46269
A9: EI | B9: =IFERROR(INDEX('SYNTHÈSE PAR DATE'!$I$6:$I$36,MATCH($C$5,'SYNTHÈSE PAR DATE'!$A$6:$A$36,0)),0) -> 371 | C9: =COUNTIFS(BASE!$A$6:$A$1740,$C$5,BASE!$B$6:$B$1740,$A9) -> 5 | D9: =COUNTIFS(BASE!$A$6:$A$1740,$C$5,BASE!$B$6:$B$1740,$A9,BASE!$M$6:$M$1740,"SAUVÉ") -> 0 | E9: =COUNTIFS(BASE!$A$6:$A$1740,$C$5,BASE!$B$6:$B$1740,$A9,BASE!$M$6:$M$1740,"CHARGÉ") -> 2 | F9: =COUNTIFS(BASE!$A$6:$A$1740,$C$5,BASE!$B$6:$B$1740,$A9,BASE!$M$6:$M$1740,"NON CHARGÉ") -> 3 | G9: =COUNTIFS(BASE!$A$6:$A$1740,$C$5,BASE!$B$6:$B$1740,$A9,BASE!$M$6:$M$1740,"ANNULÉ") -> 0 | AA9: 46270
A10: TOTAL JOUR | B10: =SUM(B9:B9) -> 371 | C10: =SUM(C9:C9) -> 5 | D10: =SUM(D9:D9) -> 0 | E10: =SUM(E9:E9) -> 2 | F10: =SUM(F9:F9) -> 3 | G10: =SUM(G9:G9) -> 0
AA24: 46285
AA25: 46286
AA26: 46287
AA27: 46288
AA28: 46289
AA29: 46290
AA30: 46291
AA31: 46292
AA32: 46293
AA33: 46294
AA34: 46295

Sheet SYNTHÈSE PAR DATE
A1: FLUX BAGAGES — SYNTHÈSE PAR DATE — EI — AER LINGUS
A3: COMPTE RENDU DE SUPERVISION • SEPTEMBRE 2026 • EI — AER LINGUS
A4: SUIVI JOURNALIER • Calculé à partir de la BASE | I4: BAGAGES ATTENDUS PAR COMPAGNIE • Données source conservées
A5: DATE | B5: DOSSIERS | C5: BAGAGES TRAITÉS | D5: BAGAGES ATTENDUS | E5: SAUVÉS | F5: CHARGÉS | G5: NON CHARGÉS | H5: ANNULÉS | I5: EI
A6: 46266 | B6: =COUNTIF(BASE!$A$6:$A$1740,A6) -> 4 | C6: =SUMIF(BASE!$A$6:$A$1740,A6,BASE!$F$6:$F$1740) -> 4 | D6: =SUM(I6:V6) -> 402 | E6: =COUNTIFS(BASE!$A$6:$A$1740,A6,BASE!$M$6:$M$1740,"SAUVÉ") -> 0 | F6: =COUNTIFS(BASE!$A$6:$A$1740,A6,BASE!$M$6:$M$1740,"CHARGÉ") -> 0 | G6: =COUNTIFS(BASE!$A$6:$A$1740,A6,BASE!$M$6:$M$1740,"NON CHARGÉ") -> 4 | H6: =COUNTIFS(BASE!$A$6:$A$1740,A6,BASE!$M$6:$M$1740,"ANNULÉ") -> 0 | I6: 402
A7: 46267 | B7: =COUNTIF(BASE!$A$6:$A$1740,A7) -> 5 | C7: =SUMIF(BASE!$A$6:$A$1740,A7,BASE!$F$6:$F$1740) -> 5 | D7: =SUM(I7:V7) -> 371 | E7: =COUNTIFS(BASE!$A$6:$A$1740,A7,BASE!$M$6:$M$1740,"SAUVÉ") -> 0 | F7: =COUNTIFS(BASE!$A$6:$A$1740,A7,BASE!$M$6:$M$1740,"CHARGÉ") -> 2 | G7: =COUNTIFS(BASE!$A$6:$A$1740,A7,BASE!$M$6:$M$1740,"NON CHARGÉ") -> 3 | H7: =COUNTIFS(BASE!$A$6:$A$1740,A7,BASE!$M$6:$M$1740,"ANNULÉ") -> 0 | I7: 371
A8: 46268 | B8: =COUNTIF(BASE!$A$6:$A$1740,A8) -> 23 | C8: =SUMIF(BASE!$A$6:$A$1740,A8,BASE!$F$6:$F$1740) -> 23 | D8: =SUM(I8:V8) -> 501 | E8: =COUNTIFS(BASE!$A$6:$A$1740,A8,BASE!$M$6:$M$1740,"SAUVÉ") -> 3 | F8: =COUNTIFS(BASE!$A$6:$A$1740,A8,BASE!$M$6:$M$1740,"CHARGÉ") -> 2 | G8: =COUNTIFS(BASE!$A$6:$A$1740,A8,BASE!$M$6:$M$1740,"NON CHARGÉ") -> 18 | H8: =COUNTIFS(BASE!$A$6:$A$1740,A8,BASE!$M$6:$M$1740,"ANNULÉ") -> 0 | I8: 501
A9: 46269 | B9: =COUNTIF(BASE!$A$6:$A$1740,A9) -> 10 | C9: =SUMIF(BASE!$A$6:$A$1740,A9,BASE!$F$6:$F$1740) -> 10 | D9: =SUM(I9:V9) -> 521 | E9: =COUNTIFS(BASE!$A$6:$A$1740,A9,BASE!$M$6:$M$1740,"SAUVÉ") -> 2 | F9: =COUNTIFS(BASE!$A$6:$A$1740,A9,BASE!$M$6:$M$1740,"CHARGÉ") -> 2 | G9: =COUNTIFS(BASE!$A$6:$A$1740,A9,BASE!$M$6:$M$1740,"NON CHARGÉ") -> 6 | H9: =COUNTIFS(BASE!$A$6:$A$1740,A9,BASE!$M$6:$M$1740,"ANNULÉ") -> 0 | I9: 521
A10: 46270 | B10: =COUNTIF(BASE!$A$6:$A$1740,A10) -> 23 | C10: =SUMIF(BASE!$A$6:$A$1740,A10,BASE!$F$6:$F$1740) -> 23 | D10: =SUM(I10:V10) -> 567 | E10: =COUNTIFS(BASE!$A$6:$A$1740,A10,BASE!$M$6:$M$1740,"SAUVÉ") -> 4 | F10: =COUNTIFS(BASE!$A$6:$A$1740,A10,BASE!$M$6:$M$1740,"CHARGÉ") -> 1 | G10: =COUNTIFS(BASE!$A$6:$A$1740,A10,BASE!$M$6:$M$1740,"NON CHARGÉ") -> 18 | H10: =COUNTIFS(BASE!$A$6:$A$1740,A10,BASE!$M$6:$M$1740,"ANNULÉ") -> 0 | I10: 567
A11: 46271 | B11: =COUNTIF(BASE!$A$6:$A$1740,A11) -> 12 | C11: =SUMIF(BASE!$A$6:$A$1740,A11,BASE!$F$6:$F$1740) -> 12 | D11: =SUM(I11:V11) -> 743 | E11: =COUNTIFS(BASE!$A$6:$A$1740,A11,BASE!$M$6:$M$1740,"SAUVÉ") -> 0 | F11: =COUNTIFS(BASE!$A$6:$A$1740,A11,BASE!$M$6:$M$1740,"CHARGÉ") -> 2 | G11: =COUNTIFS(BASE!$A$6:$A$1740,A11,BASE!$M$6:$M$1740,"NON CHARGÉ") -> 10 | H11: =COUNTIFS(BASE!$A$6:$A$1740,A11,BASE!$M$6:$M$1740,"ANNULÉ") -> 0 | I11: 743
A12: 46272 | B12: =COUNTIF(BASE!$A$6:$A$1740,A12) -> 7 | C12: =SUMIF(BASE!$A$6:$A$1740,A12,BASE!$F$6:$F$1740) -> 7 | D12: =SUM(I12:V12) -> 599 | E12: =COUNTIFS(BASE!$A$6:$A$1740,A12,BASE!$M$6:$M$1740,"SAUVÉ") -> 0 | F12: =COUNTIFS(BASE!$A$6:$A$1740,A12,BASE!$M$6:$M$1740,"CHARGÉ") -> 3 | G12: =COUNTIFS(BASE!$A$6:$A$1740,A12,BASE!$M$6:$M$1740,"NON CHARGÉ") -> 4 | H12: =COUNTIFS(BASE!$A$6:$A$1740,A12,BASE!$M$6:$M$1740,"ANNULÉ") -> 0 | I12: 599
A13: 46273 | B13: =COUNTIF(BASE!$A$6:$A$1740,A13) -> 7 | C13: =SUMIF(BASE!$A$6:$A$1740,A13,BASE!$F$6:$F$1740) -> 7 | D13: =SUM(I13:V13) -> 489 | E13: =COUNTIFS(BASE!$A$6:$A$1740,A13,BASE!$M$6:$M$1740,"SAUVÉ") -> 2 | F13: =COUNTIFS(BASE!$A$6:$A$1740,A13,BASE!$M$6:$M$1740,"CHARGÉ") -> 3 | G13: =COUNTIFS(BASE!$A$6:$A$1740,A13,BASE!$M$6:$M$1740,"NON CHARGÉ") -> 2 | H13: =COUNTIFS(BASE!$A$6:$A$1740,A13,BASE!$M$6:$M$1740,"ANNULÉ") -> 0 | I13: 489
A14: 46274 | B14: =COUNTIF(BASE!$A$6:$A$1740,A14) -> 20 | C14: =SUMIF(BASE!$A$6:$A$1740,A14,BASE!$F$6:$F$1740) -> 20 | D14: =SUM(I14:V14) -> 592 | E14: =COUNTIFS(BASE!$A$6:$A$1740,A14,BASE!$M$6:$M$1740,"SAUVÉ") -> 2 | F14: =COUNTIFS(BASE!$A$6:$A$1740,A14,BASE!$M$6:$M$1740,"CHARGÉ") -> 4 | G14: =COUNTIFS(BASE!$A$6:$A$1740,A14,BASE!$M$6:$M$1740,"NON CHARGÉ") -> 14 | H14: =COUNTIFS(BASE!$A$6:$A$1740,A14,BASE!$M$6:$M$1740,"ANNULÉ") -> 0 | I14: 592
A15: 46275 | B15: =COUNTIF(BASE!$A$6:$A$1740,A15) -> 13 | C15: =SUMIF(BASE!$A$6:$A$1740,A15,BASE!$F$6:$F$1740) -> 13 | D15: =SUM(I15:V15) -> 551 | E15: =COUNTIFS(BASE!$A$6:$A$1740,A15,BASE!$M$6:$M$1740,"SAUVÉ") -> 4 | F15: =COUNTIFS(BASE!$A$6:$A$1740,A15,BASE!$M$6:$M$1740,"CHARGÉ") -> 2 | G15: =COUNTIFS(BASE!$A$6:$A$1740,A15,BASE!$M$6:$M$1740,"NON CHARGÉ") -> 7 | H15: =COUNTIFS(BASE!$A$6:$A$1740,A15,BASE!$M$6:$M$1740,"ANNULÉ") -> 0 | I15: 551
A16: 46276 | B16: =COUNTIF(BASE!$A$6:$A$1740,A16) -> 4 | C16: =SUMIF(BASE!$A$6:$A$1740,A16,BASE!$F$6:$F$1740) -> 4 | D16: =SUM(I16:V16) -> 546 | E16: =COUNTIFS(BASE!$A$6:$A$1740,A16,BASE!$M$6:$M$1740,"SAUVÉ") -> 0 | F16: =COUNTIFS(BASE!$A$6:$A$1740,A16,BASE!$M$6:$M$1740,"CHARGÉ") -> 1 | G16: =COUNTIFS(BASE!$A$6:$A$1740,A16,BASE!$M$6:$M$1740,"NON CHARGÉ") -> 3 | H16: =COUNTIFS(BASE!$A$6:$A$1740,A16,BASE!$M$6:$M$1740,"ANNULÉ") -> 0 | I16: 546
A17: 46277 | B17: =COUNTIF(BASE!$A$6:$A$1740,A17) -> 7 | C17: =SUMIF(BASE!$A$6:$A$1740,A17,BASE!$F$6:$F$1740) -> 7 | D17: =SUM(I17:V17) -> 576 | E17: =COUNTIFS(BASE!$A$6:$A$1740,A17,BASE!$M$6:$M$1740,"SAUVÉ") -> 1 | F17: =COUNTIFS(BASE!$A$6:$A$1740,A17,BASE!$M$6:$M$1740,"CHARGÉ") -> 1 | G17: =COUNTIFS(BASE!$A$6:$A$1740,A17,BASE!$M$6:$M$1740,"NON CHARGÉ") -> 5 | H17: =COUNTIFS(BASE!$A$6:$A$1740,A17,BASE!$M$6:$M$1740,"ANNULÉ") -> 0 | I17: 576
... A35: 46295 | B35: =COUNTIF(BASE!$A$6:$A$1740,A35) -> 8 | C35: =SUMIF(BASE!$A$6:$A$1740,A35,BASE!$F$6:$F$1740) -> 8 | D35: =SUM(I35:V35) -> 535 | E35: =COUNTIFS(BASE!$A$6:$A$1740,A35,BASE!$M$6:$M$1740,"SAUVÉ") -> 2 | F35: =COUNTIFS(BASE!$A$6:$A$1740,A35,BASE!$M$6:$M$1740,"CHARGÉ") -> 5 | G35: =COUNTIFS(BASE!$A$6:$A$1740,A35,BASE!$M$6:$M$1740,"NON CHARGÉ") -> 1 | H35: =COUNTIFS(BASE!$A$6:$A$1740,A35,BASE!$M$6:$M$1740,"ANNULÉ") -> 0 | I35: 535
A36: TOTAL | B36: =SUM(B6:B35) -> 302 | C36: =SUM(C6:C35) -> 302 | D36: =SUM(D6:D35) -> 17510 | E36: =SUM(E6:E35) -> 44 | F36: =SUM(F6:F35) -> 82 | G36: =SUM(G6:G35) -> 176 | H36: =SUM(H6:H35) -> 0 | I36: =SUM(I6:I35) -> 17510

Sheet BASE
A1: FLUX BAGAGES — BASE — EI — AER LINGUS | AZ1: STATUT | BA1: DOSSIERS
AZ2: SAUVÉS | BA2: =RÉCAPITULATIF!G6 -> 44
A3: COMPTE RENDU DE SUPERVISION • SEPTEMBRE 2026 • EI — AER LINGUS | AZ3: CHARGÉS | BA3: =RÉCAPITULATIF!J6 -> 82
A4: SOURCE DES DONNÉES • Valeurs du fichier transmis, heures normalisées et préfixes de vol affichés | AZ4: NON CHARGÉS | BA4: =RÉCAPITULATIF!M6 -> 176
A5: DATE | B5: CIE | C5: N° VOL | D5: HEURE DÉPART | E5: N° TAG | F5: NOMBRE BAGAGES | G5: VOL APPORT | H5: HEURE ARRIVÉE | I5: LOCALISATION | J5: REMARQUES | K5: ANOMALIE | L5: COMMENTAIRE/ACTION | M5: STATUT | N5: FAULT STATION | P5: OCCURRENCES TAG | Q5: RANG DOUBLON | R5: TYPE DOUBLON | AZ5: ANNULÉS | BA5: =RÉCAPITULATIF!P6 -> 0
A6: 46266 | B6: EI | C6: EI527 | D6: 17H00 | E6: EI129754 | F6: 1 | G6: RUSH | I6: AUCUNE TRACE | K6: BSM ONLY | L6: APPEL DIRBY T1 A 16H41 MAIS INJOIGNABLE | M6: NON CHARGÉ | N6: 21 - Bag left at station origin / correctly labelled | P6: =COUNTIF($E$6:$E$1740,E6) -> 1 | Q6: =IF(AND(P6>1,COUNTIF($E$6:E6,E6)=1),MAX($Q$5:Q5)+1,"") | R6: =IF(Q6="","",IF(COUNTIFS($E$6:$E$1740,E6,$A$6:$A$1740,A6,$C$6:$C$1740,C6)<P6,"LÉGITIME",IF(COUNTIFS($E$6:$E$1740,E6,$A$6:$A$1740,A6,$C$6:$C$1740,C6,$M$6:$M$1740,M6)<P6,"STATUT DIFFÉRENT","VRAI DOUBLON")))
A7: 46266 | B7: EI | C7: EI527 | D7: 17H00 | E7: EI129755 | F7: 1 | G7: RUSH | I7: AUCUNE TRACE | K7: BSM ONLY | L7: APPEL DIRBY T1 A 16H41 MAIS INJOIGNABLE | M7: NON CHARGÉ | N7: 21 - Bag left at station origin / correctly labelled | P7: =COUNTIF($E$6:$E$1740,E7) -> 1 | Q7: =IF(AND(P7>1,COUNTIF($E$6:E7,E7)=1),MAX($Q$5:Q6)+1,"") | R7: =IF(Q7="","",IF(COUNTIFS($E$6:$E$1740,E7,$A$6:$A$1740,A7,$C$6:$C$1740,C7)<P7,"LÉGITIME",IF(COUNTIFS($E$6:$E$1740,E7,$A$6:$A$1740,A7,$C$6:$C$1740,C7,$M$6:$M$1740,M7)<P7,"STATUT DIFFÉRENT","VRAI DOUBLON")))
A8: 46266 | B8: EI | C8: EI527 | D8: 17H00 | E8: EI129756 | F8: 1 | G8: RUSH | I8: AUCUNE TRACE | K8: BSM ONLY | L8: APPEL DIRBY T1 A 16H41 MAIS INJOIGNABLE | M8: NON CHARGÉ | N8: 21 - Bag left at station origin / correctly labelled | P8: =COUNTIF($E$6:$E$1740,E8) -> 1 | Q8: =IF(AND(P8>1,COUNTIF($E$6:E8,E8)=1),MAX($Q$5:Q7)+1,"") | R8: =IF(Q8="","",IF(COUNTIFS($E$6:$E$1740,E8,$A$6:$A$1740,A8,$C$6:$C$1740,C8)<P8,"LÉGITIME",IF(COUNTIFS($E$6:$E$1740,E8,$A$6:$A$1740,A8,$C$6:$C$1740,C8,$M$6:$M$1740,M8)<P8,"STATUT DIFFÉRENT","VRAI DOUBLON")))
A9: 46266 | B9: EI | C9: EI527 | D9: 17H00 | E9: EI129757 | F9: 1 | G9: RUSH | I9: AUCUNE TRACE | K9: BSM ONLY | L9: APPEL DIRBY T1 A 16H41 MAIS INJOIGNABLE | M9: NON CHARGÉ | N9: 21 - Bag left at station origin / correctly labelled | P9: =COUNTIF($E$6:$E$1740,E9) -> 1 | Q9: =IF(AND(P9>1,COUNTIF($E$6:E9,E9)=1),MAX($Q$5:Q8)+1,"") | R9: =IF(Q9="","",IF(COUNTIFS($E$6:$E$1740,E9,$A$6:$A$1740,A9,$C$6:$C$1740,C9)<P9,"LÉGITIME",IF(COUNTIFS($E$6:$E$1740,E9,$A$6:$A$1740,A9,$C$6:$C$1740,C9,$M$6:$M$1740,M9)<P9,"STATUT DIFFÉRENT","VRAI DOUBLON")))
A10: 46267 | B10: EI | C10: EI521 | D10: 10H20 | E10: SQ658922 | F10: 1 | G10: NON NOTIFIE | I10: PAS DE TRACE | K10: PAS DE TRACE | L10: 09H41 : NEG DS TOUS SYSTEMES/J+1 MISCNX A SIN /RECU SUR LE SQ338/02SEP LOCALISE AN SLB 21H41 /DUBEI28745 FO EI523/03SEP | M10: NON CHARGÉ | N10: 56 - Online - own carrier - MCT not available | P10: =COUNTIF($E$6:$E$1740,E10) -> 1 | Q10: =IF(AND(P10>1,COUNTIF($E$6:E10,E10)=1),MAX($Q$5:Q9)+1,"") | R10: =IF(Q10="","",IF(COUNTIFS($E$6:$E$1740,E10,$A$6:$A$1740,A10,$C$6:$C$1740,C10)<P10,"LÉGITIME",IF(COUNTIFS($E$6:$E$1740,E10,$A$6:$A$1740,A10,$C$6:$C$1740,C10,$M$6:$M$1740,M10)<P10,"STATUT DIFFÉRENT","VRAI DOUBLON")))
A11: 46267 | B11: EI | C11: EI523 | D11: 11H15 | E11: EI129848 | F11: 1 | G11: LOCAL/RUSH | I11: T1 HORS FORMAT | L11: 10H37 : APPEL HORS FORMAT PUIS GALERIE T1 - BAG SERA DEPOSE SS BORD DES QU IL SERA TROUVE - PEUT ETRE CHARGE SS SCAN/J+1 DOSSIER TOUJOUR OUVERT | M11: NON CHARGÉ | N11: 21 - Bag left at station origin / correctly labelled | P11: =COUNTIF($E$6:$E$1740,E11) -> 1 | Q11: =IF(AND(P11>1,COUNTIF($E$6:E11,E11)=1),MAX($Q$5:Q10)+1,"") | R11: =IF(Q11="","",IF(COUNTIFS($E$6:$E$1740,E11,$A$6:$A$1740,A11,$C$6:$C$1740,C11)<P11,"LÉGITIME",IF(COUNTIFS($E$6:$E$1740,E11,$A$6:$A$1740,A11,$C$6:$C$1740,C11,$M$6:$M$1740,M11)<P11,"STATUT DIFFÉRENT","VRAI DOUBLON")))
A12: 46267 | B12: EI | C12: EI525 | D12: 13H15 | E12: EI215344 | F12: 1 | G12: LOCAL | I12: PAS DE LOC | K12: PAS DE LOC | L12: 7KG PROBABLEMENT PRIS EN PORTE | M12: CHARGÉ | P12: =COUNTIF($E$6:$E$1740,E12) -> 1 | Q12: =IF(AND(P12>1,COUNTIF($E$6:E12,E12)=1),MAX($Q$5:Q11)+1,"") | R12: =IF(Q12="","",IF(COUNTIFS($E$6:$E$1740,E12,$A$6:$A$1740,A12,$C$6:$C$1740,C12)<P12,"LÉGITIME",IF(COUNTIFS($E$6:$E$1740,E12,$A$6:$A$1740,A12,$C$6:$C$1740,C12,$M$6:$M$1740,M12)<P12,"STATUT DIFFÉRENT","VRAI DOUBLON")))
A13: 46267 | B13: EI | C13: EI525 | D13: 13H15 | E13: EI215655 | F13: 1 | G13: LOCAL | I13: PAS DE LOC | K13: CYNO OK 13H22 | L13: RETARD TRAITEMENT/J+1 DUBEI28761 EN ATTENTE DE FWD | M13: NON CHARGÉ | N13: 64 - Unserviceable equipment / belt / sortation system | P13: =COUNTIF($E$6:$E$1740,E13) -> 1 | Q13: =IF(AND(P13>1,COUNTIF($E$6:E13,E13)=1),MAX($Q$5:Q12)+1,"") | R13: =IF(Q13="","",IF(COUNTIFS($E$6:$E$1740,E13,$A$6:$A$1740,A13,$C$6:$C$1740,C13)<P13,"LÉGITIME",IF(COUNTIFS($E$6:$E$1740,E13,$A$6:$A$1740,A13,$C$6:$C$1740,C13,$M$6:$M$1740,M13)<P13,"STATUT DIFFÉRENT","VRAI DOUBLON")))
A14: 46267 | B14: EI | C14: EI529 | D14: 21H55 | E14: EI129974 | F14: 1 | G14: RUSH | I14: PAS DE TRACE | J14: BAG SOUTE S/SCAN | K14: BSM ONLY | L14: APPEL DIRBY T1 A 20H32 ET DEMANDE DE FAIRE LE NECESSAIRE/RUSH PAS EN GALERIE DOIT VERIF AVEC SES COLLEGUES EN SLB | M14: CHARGÉ | P14: =COUNTIF($E$6:$E$1740,E14) -> 1 | Q14: =IF(AND(P14>1,COUNTIF($E$6:E14,E14)=1),MAX($Q$5:Q13)+1,"") | R14: =IF(Q14="","",IF(COUNTIFS($E$6:$E$1740,E14,$A$6:$A$1740,A14,$C$6:$C$1740,C14)<P14,"LÉGITIME",IF(COUNTIFS($E$6:$E$1740,E14,$A$6:$A$1740,A14,$C$6:$C$1740,C14,$M$6:$M$1740,M14)<P14,"STATUT DIFFÉRENT","VRAI DOUBLON")))
A15: 46268 | B15: EI | C15: EI909 | D15: 11H10 | E15: EI217604 | F15: 1 | G15: LOCAL | I15: JETEE T1 09H06 | K15: CLASSE NON CORRECTE | L15: BAG CHARGE EN CONTENANT AKH67388EI/ J+1 SNNEI76763 EN ATTENTE DE FWD | M15: NON CHARGÉ | N15: 18 - Bag not authorized to load | P15: =COUNTIF($E$6:$E$1740,E15) -> 1 | Q15: =IF(AND(P15>1,COUNTIF($E$6:E15,E15)=1),MAX($Q$5:Q14)+1,"") | R15: =IF(Q15="","",IF(COUNTIFS($E$6:$E$1740,E15,$A$6:$A$1740,A15,$C$6:$C$1740,C15)<P15,"LÉGITIME",IF(COUNTIFS($E$6:$E$1740,E15,$A$6:$A$1740,A15,$C$6:$C$1740,C15,$M$6:$M$1740,M15)<P15,"STATUT DIFFÉRENT","VRAI DOUBLON")))
A16: 46268 | B16: EI | C16: EI909 | D16: 11H10 | E16: EI217607 | F16: 1 | G16: LOCAL | I16: T1 ARRIVEE 2 10H45 | L16: BAG DECHARGE DE CONTENANT AKH67388EI ET DEPOSE T1 ARRIVEE/ J+1 SNNEI76763 EN ATTENTE DE FWD | M16: NON CHARGÉ | N16: 18 - Bag not authorized to load | P16: =COUNTIF($E$6:$E$1740,E16) -> 1 | Q16: =IF(AND(P16>1,COUNTIF($E$6:E16,E16)=1),MAX($Q$5:Q15)+1,"") | R16: =IF(Q16="","",IF(COUNTIFS($E$6:$E$1740,E16,$A$6:$A$1740,A16,$C$6:$C$1740,C16)<P16,"LÉGITIME",IF(COUNTIFS($E$6:$E$1740,E16,$A$6:$A$1740,A16,$C$6:$C$1740,C16,$M$6:$M$1740,M16)<P16,"STATUT DIFFÉRENT","VRAI DOUBLON")))
A17: 46268 | B17: EI | C17: EI909 | D17: 11H10 | E17: MH871123 | F17: 1 | G17: MH021 | H17: 06H21 | I17: T1 ARRIVEE 2 10H45 | K17: ARRIVEE TARDIVE | L17: DECHARGE DE NAVETTE 08H22 SAT 1 / BAG ENVOYE SOUS BORD MAIS REFUSE /ENOIYE JETEE T1 10H44/RETOUR LL ET DEPOSE T1 ARRIVEE 10H44/ J+1 SNNEI76762 EN ATTENTE DE FWD | M17: NON CHARGÉ | N17: 18 - Bag not authorized to load | P17: =COUNTIF($E$6:$E$1740,E17) -> 1 | Q17: =IF(AND(P17>1,COUNTIF($E$6:E17,E17)=1),MAX($Q$5:Q16)+1,"") | R17: =IF(Q17="","",IF(COUNTIFS($E$6:$E$1740,E17,$A$6:$A$1740,A17,$C$6:$C$1740,C17)<P17,"LÉGITIME",IF(COUNTIFS($E$6:$E$1740,E17,$A$6:$A$1740,A17,$C$6:$C$1740,C17,$M$6:$M$1740,M17)<P17,"STATUT DIFFÉRENT","VRAI DOUBLON")))
A18: 46268 | B18: EI | C18: EI523 | D18: 11H15 | E18: EI218542 | F18: 1 | G18: LOCAL | I18: T1 EJECTION 10H34 | L18: EJECTION TARDIVE/ J+1 DUBEI28845 EN ATTENTE DE FWD | M18: NON CHARGÉ | N18: 64 - Unserviceable equipment / belt / sortation system | P18: =COUNTIF($E$6:$E$1740,E18) -> 1 | Q18: =IF(AND(P18>1,COUNTIF($E$6:E18,E18)=1),MAX($Q$5:Q17)+1,"") | R18: =IF(Q18="","",IF(COUNTIFS($E$6:$E$1740,E18,$A$6:$A$1740,A18,$C$6:$C$1740,C18)<P18,"LÉGITIME",IF(COUNTIFS($E$6:$E$1740,E18,$A$6:$A$1740,A18,$C$6:$C$1740,C18,$M$6:$M$1740,M18)<P18,"STATUT DIFFÉRENT","VRAI DOUBLON")))
A19: 46268 | B19: EI | C19: EI523 | D19: 11H15 | E19: EI218708 | F19: 1 | G19: LOCAL | I19: JETEE T1 11H41 | K19: EJECTION TARDIVE | L19: EJECTION TARDIVE BAG SCANNE SUR LE MAUVAIS VOL /J+1 DUBEI28845 EN ATTENTE DE FWD | M19: NON CHARGÉ | N19: 64 - Unserviceable equipment / belt / sortation system | P19: =COUNTIF($E$6:$E$1740,E19) -> 1 | Q19: =IF(AND(P19>1,COUNTIF($E$6:E19,E19)=1),MAX($Q$5:Q18)+1,"") | R19: =IF(Q19="","",IF(COUNTIFS($E$6:$E$1740,E19,$A$6:$A$1740,A19,$C$6:$C$1740,C19)<P19,"LÉGITIME",IF(COUNTIFS($E$6:$E$1740,E19,$A$6:$A$1740,A19,$C$6:$C$1740,C19,$M$6:$M$1740,M19)<P19,"STATUT DIFFÉRENT","VRAI DOUBLON")))
A20: 46268 | B20: EI | C20: EI523 | D20: 11H15 | E20: UA238710 | F20: 1 | G20: UA915 | H20: 07H49 | I20: SAT 1 /08H09 | K20: EJECTION TARDIVE | L20: EJETION JETEE T1 A 10H44/DEPOSE T1 ARRIVEE LL/ J+1 DUBEI28848 | M20: NON CHARGÉ | N20: 64 - Unserviceable equipment / belt / sortation system | P20: =COUNTIF($E$6:$E$1740,E20) -> 1 | Q20: =IF(AND(P20>1,COUNTIF($E$6:E20,E20)=1),MAX($Q$5:Q19)+1,"") | R20: =IF(Q20="","",IF(COUNTIFS($E$6:$E$1740,E20,$A$6:$A$1740,A20,$C$6:$C$1740,C20)<P20,"LÉGITIME",IF(COUNTIFS($E$6:$E$1740,E20,$A$6:$A$1740,A20,$C$6:$C$1740,C20,$M$6:$M$1740,M20)<P20,"STATUT DIFFÉRENT","VRAI DOUBLON")))
A21: 46268 | B21: EI | C21: EI523 | D21: 11H15 | E21: UA189600 | F21: 1 | G21: UA915 | H21: 07H49 | I21: JETEE T1 10H43 | K21: EJECTION TARDIVE | L21: EJETION JETEE T1 A 10H44/DEPOSE T1 ARRIVEE LL/ J+1 DUBEI28848 | M21: NON CHARGÉ | N21: 64 - Unserviceable equipment / belt / sortation system | P21: =COUNTIF($E$6:$E$1740,E21) -> 1 | Q21: =IF(AND(P21>1,COUNTIF($E$6:E21,E21)=1),MAX($Q$5:Q20)+1,"") | R21: =IF(Q21="","",IF(COUNTIFS($E$6:$E$1740,E21,$A$6:$A$1740,A21,$C$6:$C$1740,C21)<P21,"LÉGITIME",IF(COUNTIFS($E$6:$E$1740,E21,$A$6:$A$1740,A21,$C$6:$C$1740,C21,$M$6:$M$1740,M21)<P21,"STATUT DIFFÉRENT","VRAI DOUBLON")))
A22: 46268 | B22: EI | C22: EI523 | D22: 11H15 | E22: UA032310 | F22: 1 | G22: UA915 | H22: 07H49 | I22: SAT 1 /08H09 | K22: EJECTION TARDIVE | L22: EJETION JETEE T1 A 10H44/DEPOSE T1 ARRIVEE LL/ J+1 DUBEI28848 | M22: NON CHARGÉ | N22: 64 - Unserviceable equipment / belt / sortation system | P22: =COUNTIF($E$6:$E$1740,E22) -> 1 | Q22: =IF(AND(P22>1,COUNTIF($E$6:E22,E22)=1),MAX($Q$5:Q21)+1,"") | R22: =IF(Q22="","",IF(COUNTIFS($E$6:$E$1740,E22,$A$6:$A$1740,A22,$C$6:$C$1740,C22)<P22,"LÉGITIME",IF(COUNTIFS($E$6:$E$1740,E22,$A$6:$A$1740,A22,$C$6:$C$1740,C22,$M$6:$M$1740,M22)<P22,"STATUT DIFFÉRENT","VRAI DOUBLON")))
A23: 46268 | B23: EI | C23: EI523 | D23: 11H15 | E23: MH870031 | F23: 1 | G23: MH021 | H23: 06H21 | I23: JETEE T1 10GH44 | K23: EJECTION TARDIVE | L23: EJETION JETEE T1 A 10H44/DEPOSE T1 ARRIVEE LL/ J+1 DUBEI28855 | M23: NON CHARGÉ | N23: 64 - Unserviceable equipment / belt / sortation system | P23: =COUNTIF($E$6:$E$1740,E23) -> 1 | Q23: =IF(AND(P23>1,COUNTIF($E$6:E23,E23)=1),MAX($Q$5:Q22)+1,"") | R23: =IF(Q23="","",IF(COUNTIFS($E$6:$E$1740,E23,$A$6:$A$1740,A23,$C$6:$C$1740,C23)<P23,"LÉGITIME",IF(COUNTIFS($E$6:$E$1740,E23,$A$6:$A$1740,A23,$C$6:$C$1740,C23,$M$6:$M$1740,M23)<P23,"STATUT DIFFÉRENT","VRAI DOUBLON")))
A24: 46268 | B24: EI | C24: EI523 | D24: 11H15 | E24: MH869996 | F24: 1 | G24: MH021 | H24: 06H21 | I24: JETEE T1 10H44 | K24: EJECTION TARDIVE | L24: EJETION JETEE T1 A 10H44/DEPOSE T1 ARRIVEE LL/ J+1 DUBEI28855 | M24: NON CHARGÉ | N24: 64 - Unserviceable equipment / belt / sortation system | P24: =COUNTIF($E$6:$E$1740,E24) -> 1 | Q24: =IF(AND(P24>1,COUNTIF($E$6:E24,E24)=1),MAX($Q$5:Q23)+1,"") | R24: =IF(Q24="","",IF(COUNTIFS($E$6:$E$1740,E24,$A$6:$A$1740,A24,$C$6:$C$1740,C24)<P24,"LÉGITIME",IF(COUNTIFS($E$6:$E$1740,E24,$A$6:$A$1740,A24,$C$6:$C$1740,C24,$M$6:$M$1740,M24)<P24,"STATUT DIFFÉRENT","VRAI DOUBLON")))
A25: 46268 | B25: EI | C25: EI523 | D25: 11H15 | E25: MH869978 | F25: 1 | G25: MH021 | H25: 06H21 | I25: JETEE T1 10H44 | K25: EJECTION TARDIVE | L25: EJETION JETEE T1 A 10H44/DEPOSE T1 ARRIVEE LL/ J+1 DUBEI28855 | M25: NON CHARGÉ | N25: 64 - Unserviceable equipment / belt / sortation system | P25: =COUNTIF($E$6:$E$1740,E25) -> 1 | Q25: =IF(AND(P25>1,COUNTIF($E$6:E25,E25)=1),MAX($Q$5:Q24)+1,"") | R25: =IF(Q25="","",IF(COUNTIFS($E$6:$E$1740,E25,$A$6:$A$1740,A25,$C$6:$C$1740,C25)<P25,"LÉGITIME",IF(COUNTIFS($E$6:$E$1740,E25,$A$6:$A$1740,A25,$C$6:$C$1740,C25,$M$6:$M$1740,M25)<P25,"STATUT DIFFÉRENT","VRAI DOUBLON")))
A26: 46268 | B26: EI | C26: EI523 | D26: 11H15 | E26: MH869966 | F26: 1 | G26: MH021 | H26: 06H21 | I26: JETEE T1 10H44 | K26: EJECTION TARDIVE | L26: EJETION JETEE T1 A 10H44/DEPOSE T1 ARRIVEE LL/ J+1 DUBEI28855 | M26: NON CHARGÉ | N26: 64 - Unserviceable equipment / belt / sortation system | P26: =COUNTIF($E$6:$E$1740,E26) -> 1 | Q26: =IF(AND(P26>1,COUNTIF($E$6:E26,E26)=1),MAX($Q$5:Q25)+1,"") | R26: =IF(Q26="","",IF(COUNTIFS($E$6:$E$1740,E26,$A$6:$A$1740,A26,$C$6:$C$1740,C26)<P26,"LÉGITIME",IF(COUNTIFS($E$6:$E$1740,E26,$A$6:$A$1740,A26,$C$6:$C$1740,C26,$M$6:$M$1740,M26)<P26,"STATUT DIFFÉRENT","VRAI DOUBLON")))
A27: 46268 | B27: EI | C27: EI523 | D27: 11H15 | E27: MH872323 | F27: 1 | G27: MH021 | H27: 06H21 | I27: BSM ONLY | K27: PAS DE TRACE | L27: EJETION JETEE T1 A 10H44/DEPOSE T1 ARRIVEE LL/ J+1 DUBEI28855 | M27: NON CHARGÉ | N27: 64 - Unserviceable equipment / belt / sortation system | P27: =COUNTIF($E$6:$E$1740,E27) -> 1 | Q27: =IF(AND(P27>1,COUNTIF($E$6:E27,E27)=1),MAX($Q$5:Q26)+1,"") | R27: =IF(Q27="","",IF(COUNTIFS($E$6:$E$1740,E27,$A$6:$A$1740,A27,$C$6:$C$1740,C27)<P27,"LÉGITIME",IF(COUNTIFS($E$6:$E$1740,E27,$A$6:$A$1740,A27,$C$6:$C$1740,C27,$M$6:$M$1740,M27)<P27,"STATUT DIFFÉRENT","VRAI DOUBLON")))
A28: 46268 | B28: EI | C28: EI523 | D28: 11H15 | E28: EI218711 | F28: 1 | G28: LOCAL | I28: JETEE T1 11H42 | K28: EJECTION TARDIVE | L28: BAG SCANNE SUR UN AUTRE VOL EI525/ J+1 DUBEI28841 | M28: NON CHARGÉ | N28: 66- responsibility airport services | P28: =COUNTIF($E$6:$E$1740,E28) -> 1 | Q28: =IF(AND(P28>1,COUNTIF($E$6:E28,E28)=1),MAX($Q$5:Q27)+1,"") | R28: =IF(Q28="","",IF(COUNTIFS($E$6:$E$1740,E28,$A$6:$A$1740,A28,$C$6:$C$1740,C28)<P28,"LÉGITIME",IF(COUNTIFS($E$6:$E$1740,E28,$A$6:$A$1740,A28,$C$6:$C$1740,C28,$M$6:$M$1740,M28)<P28,"STATUT DIFFÉRENT","VRAI DOUBLON")))
A29: 46268 | B29: EI | C29: EI523 | D29: 11H15 | E29: AF155186 | F29: 1 | G29: AF453 | H29: 07H05 | I29: JETEE T1 11H55 | K29: EJECTION TARDIVE | L29: BAG SCANNE SUR UN AUTRE VOL EI525/ J+1 DUBEI28857 | M29: NON CHARGÉ | N29: 66- responsibility airport services | P29: =COUNTIF($E$6:$E$1740,E29) -> 1 | Q29: =IF(AND(P29>1,COUNTIF($E$6:E29,E29)=1),MAX($Q$5:Q28)+1,"") | R29: =IF(Q29="","",IF(COUNTIFS($E$6:$E$1740,E29,$A$6:$A$1740,A29,$C$6:$C$1740,C29)<P29,"LÉGITIME",IF(COUNTIFS($E$6:$E$1740,E29,$A$6:$A$1740,A29,$C$6:$C$1740,C29,$M$6:$M$1740,M29)<P29,"STATUT DIFFÉRENT","VRAI DOUBLON")))
A30: 46268 | B30: EI | C30: EI523 | D30: 11H15 | E30: AC574766 | F30: 1 | G30: UA915 | H30: 07H49 | I30: BSM ONLY | K30: PAS DE TRACE | L30: VU EN REQUETEUR/PAS DE TRACE A CDG/ MICNX IAD J+1 DUBEI28847 FO UA915/02SEP/EI521/03SEP NON RECU | M30: NON CHARGÉ | N30: 56 - Online - own carrier - MCT not available | P30: =COUNTIF($E$6:$E$1740,E30) -> 1 | Q30: =IF(AND(P30>1,COUNTIF($E$6:E30,E30)=1),MAX($Q$5:Q29)+1,"") | R30: =IF(Q30="","",IF(COUNTIFS($E$6:$E$1740,E30,$A$6:$A$1740,A30,$C$6:$C$1740,C30)<P30,"LÉGITIME",IF(COUNTIFS($E$6:$E$1740,E30,$A$6:$A$1740,A30,$C$6:$C$1740,C30,$M$6:$M$1740,M30)<P30,"STATUT DIFFÉRENT","VRAI DOUBLON")))
A31: 46268 | B31: EI | C31: EI523 | D31: 11H15 | E31: MH872673 | F31: 1 | G31: MH021 | H31: 06H21 | I31: BSM ONLY | K31: PAS DE TRACE | L31: VU EN REQUETEUR/PAS DE TRACE A CDG/ J+1 DUBEI28842 | M31: NON CHARGÉ | N31: 64 - Unserviceable equipment / belt / sortation system | P31: =COUNTIF($E$6:$E$1740,E31) -> 1 | Q31: =IF(AND(P31>1,COUNTIF($E$6:E31,E31)=1),MAX($Q$5:Q30)+1,"") | R31: =IF(Q31="","",IF(COUNTIFS($E$6:$E$1740,E31,$A$6:$A$1740,A31,$C$6:$C$1740,C31)<P31,"LÉGITIME",IF(COUNTIFS($E$6:$E$1740,E31,$A$6:$A$1740,A31,$C$6:$C$1740,C31,$M$6:$M$1740,M31)<P31,"STATUT DIFFÉRENT","VRAI DOUBLON")))
A32: 46268 | B32: EI | C32: EI523 | D32: 11H15 | E32: UA015580 | F32: 1 | G32: UA915 | H32: 07H49 | I32: BSM ONLY | J32: HBAG | K32: PAS DE TRACE | L32: VU EN REQUETEUR/PAS DE TRACE A CDG/ J+1 PAS DE DOSSIER OUVERT AVEC CE TAG | M32: CHARGÉ | P32: =COUNTIF($E$6:$E$1740,E32) -> 1 | Q32: =IF(AND(P32>1,COUNTIF($E$6:E32,E32)=1),MAX($Q$5:Q31)+1,"") | R32: =IF(Q32="","",IF(COUNTIFS($E$6:$E$1740,E32,$A$6:$A$1740,A32,$C$6:$C$1740,C32)<P32,"LÉGITIME",IF(COUNTIFS($E$6:$E$1740,E32,$A$6:$A$1740,A32,$C$6:$C$1740,C32,$M$6:$M$1740,M32)<P32,"STATUT DIFFÉRENT","VRAI DOUBLON")))
A33: 46268 | B33: EI | C33: EI523 | D33: 11H15 | E33: UA879071 | F33: 1 | G33: UA915 | H33: 07H49 | I33: BSM ONLY | K33: PAS DE TRACE | L33: VU EN REQUETEUR/PAS DE TRACE A CDG MISCNX AT IAD / J+1 DUBEI28843 FO UA310/05SEP | M33: NON CHARGÉ | N33: 56 - Online - own carrier - MCT not available | P33: =COUNTIF($E$6:$E$1740,E33) -> 1 | Q33: =IF(AND(P33>1,COUNTIF($E$6:E33,E33)=1),MAX($Q$5:Q32)+1,"") | R33: =IF(Q33="","",IF(COUNTIFS($E$6:$E$1740,E33,$A$6:$A$1740,A33,$C$6:$C$1740,C33)<P33,"LÉGITIME",IF(COUNTIFS($E$6:$E$1740,E33,$A$6:$A$1740,A33,$C$6:$C$1740,C33,$M$6:$M$1740,M33)<P33,"STATUT DIFFÉRENT","VRAI DOUBLON")))
A34: 46268 | B34: EI | C34: EI525 | D34: 13H15 | E34: EI218815 | F34: 1 | G34: LOCAL | I34: BSM ONLY | J34: STRL | L34: STROLLER | M34: CHARGÉ | P34: =COUNTIF($E$6:$E$1740,E34) -> 1 | Q34: =IF(AND(P34>1,COUNTIF($E$6:E34,E34)=1),MAX($Q$5:Q33)+1,"") | R34: =IF(Q34="","",IF(COUNTIFS($E$6:$E$1740,E34,$A$6:$A$1740,A34,$C$6:$C$1740,C34)<P34,"LÉGITIME",IF(COUNTIFS($E$6:$E$1740,E34,$A$6:$A$1740,A34,$C$6:$C$1740,C34,$M$6:$M$1740,M34)<P34,"STATUT DIFFÉRENT","VRAI DOUBLON")))
A35: 46268 | B35: EI | C35: EI523 | D35: 16H30 | E35: EI219420 | F35: 1 | G35: LOCAL | I35: BSM ONLY | J35: WCH | K35: PAS DE TRACE | L35: WCHR/APPEL LEAD EI A 16H30/APPELE LE COORDO A SON TOUR/ASSURE QUE LA CHAISE A ÉTÉ CHARGEE MAIS PAS SCANNE/SCANNE MANUELLEMENT APRES LE DEP | M35: SAUVÉ | P35: =COUNTIF($E$6:$E$1740,E35) -> 1 | Q35: =IF(AND(P35>1,COUNTIF($E$6:E35,E35)=1),MAX($Q$5:Q34)+1,"") | R35: =IF(Q35="","",IF(COUNTIFS($E$6:$E$1740,E35,$A$6:$A$1740,A35,$C$6:$C$1740,C35)<P35,"LÉGITIME",IF(COUNTIFS($E$6:$E$1740,E35,$A$6:$A$1740,A35,$C$6:$C$1740,C35,$M$6:$M$1740,M35)<P35,"STATUT DIFFÉRENT","VRAI DOUBLON")))
A36: 46268 | B36: EI | C36: EI523 | D36: 21H55 | E36: EI130152 | F36: 1 | G36: RUSH | I36: AUCUNE TRACE | K36: BSM ONLY 16H27 | L36: APPEL DIRBY T1 A 21H07/DIT QUE LE RUSH A BIEN ÉTÉ ENVOYE MALGRE LE MANQUE DE TRACE/APPEL SUP GALERIE T1 /RUSH EN GAL MAIS PAS SCANNE | M36: SAUVÉ | P36: =COUNTIF($E$6:$E$1740,E36) -> 1 | Q36: =IF(AND(P36>1,COUNTIF($E$6:E36,E36)=1),MAX($Q$5:Q35)+1,"") | R36: =IF(Q36="","",IF(COUNTIFS($E$6:$E$1740,E36,$A$6:$A$1740,A36,$C$6:$C$1740,C36)<P36,"LÉGITIME",IF(COUNTIFS($E$6:$E$1740,E36,$A$6:$A$1740,A36,$C$6:$C$1740,C36,$M$6:$M$1740,M36)<P36,"STATUT DIFFÉRENT","VRAI DOUBLON")))
A37: 46268 | B37: EI | C37: EI523 | D37: 21H55 | E37: EI130151 | F37: 1 | G37: RUSH | I37: T1 CYNO MJ90 21H09 | K37: PAS DE MVT | L37: APPEL GALERIE T1 A 21H12 ET SIGNALE POUR LE RECUPERER | M37: SAUVÉ | P37: =COUNTIF($E$6:$E$1740,E37) -> 1 | Q37: =IF(AND(P37>1,COUNTIF($E$6:E37,E37)=1),MAX($Q$5:Q36)+1,"") | R37: =IF(Q37="","",IF(COUNTIFS($E$6:$E$1740,E37,$A$6:$A$1740,A37,$C$6:$C$1740,C37)<P37,"LÉGITIME",IF(COUNTIFS($E$6:$E$1740,E37,$A$6:$A$1740,A37,$C$6:$C$1740,C37,$M$6:$M$1740,M37)<P37,"STATUT DIFFÉRENT","VRAI DOUBLON")))
A38: 46269 | B38: EI | C38: EI521 | D38: 10H20 | E38: AF256896 | F38: 1 | G38: AF4199 | H38: 08H25 | I38: WJ43 09H53 | K38: SHORT CONNEX | L38: APPEL GALERIE T1 POUR ENVOIE SOUS BORD | M38: SAUVÉ | P38: =COUNTIF($E$6:$E$1740,E38) -> 1 | Q38: =IF(AND(P38>1,COUNTIF($E$6:E38,E38)=1),MAX($Q$5:Q37)+1,"") | R38: =IF(Q38="","",IF(COUNTIFS($E$6:$E$1740,E38,$A$6:$A$1740,A38,$C$6:$C$1740,C38)<P38,"LÉGITIME",IF(COUNTIFS($E$6:$E$1740,E38,$A$6:$A$1740,A38,$C$6:$C$1740,C38,$M$6:$M$1740,M38)<P38,"STATUT DIFFÉRENT","VRAI DOUBLON")))
A39: 46269 | B39: EI | C39: EI521 | D39: 10H20 | E39: BR703261 | F39: 1 | H39: 08H25 | I39: REBUT T1 | L39: APPEL GALERIE T1 POUR ENVOIE SOUS BORD A 09H40 PUIS LOCALISE AU REBUT T1 A 09H53 - AHLDUBEI28991 PAS DE RUSH PREVU A J+1 | M39: NON CHARGÉ | N39: 66- responsibility airport services | P39: =COUNTIF($E$6:$E$1740,E39) -> 1 | Q39: =IF(AND(P39>1,COUNTIF($E$6:E39,E39)=1),MAX($Q$5:Q38)+1,"") | R39: =IF(Q39="","",IF(COUNTIFS($E$6:$E$1740,E39,$A$6:$A$1740,A39,$C$6:$C$1740,C39)<P39,"LÉGITIME",IF(COUNTIFS($E$6:$E$1740,E39,$A$6:$A$1740,A39,$C$6:$C$1740,C39,$M$6:$M$1740,M39)<P39,"STATUT DIFFÉRENT","VRAI DOUBLON")))
A40: 46269 | B40: EI | C40: EI521 | D40: 10H20 | E40: AF245898 | F40: 1 | G40: AF4199 | H40: 08H25 | I40: DECHARGE AU SAT1 A 10H29 | K40: SHORT CONNEX | L40: ARRIVE AU SAT T1 A 10H29 TROP TARD POUR CHARGEMENT - AHLDUBEI28990 PAS DE RUSH PREVU A J+1 | M40: NON CHARGÉ | N40: 52 - Interline MCT not available ( MCT initialement non respecté) | P40: =COUNTIF($E$6:$E$1740,E40) -> 1 | Q40: =IF(AND(P40>1,COUNTIF($E$6:E40,E40)=1),MAX($Q$5:Q39)+1,"") | R40: =IF(Q40="","",IF(COUNTIFS($E$6:$E$1740,E40,$A$6:$A$1740,A40,$C$6:$C$1740,C40)<P40,"LÉGITIME",IF(COUNTIFS($E$6:$E$1740,E40,$A$6:$A$1740,A40,$C$6:$C$1740,C40,$M$6:$M$1740,M40)<P40,"STATUT DIFFÉRENT","VRAI DOUBLON")))
A41: 46269 | B41: EI | C41: EI521 | D41: 10H20 | E41: AF256220 | F41: 1 | G41: AF4199 | H41: 08H25 | I41: DECHARGE AU SAT1 A 10H29 | K41: SHORT CONNEX | L41: ARRIVE AU SAT T1 A 10H29 TROP TARD POUR CHARGEMENT - AHLDUBEI28993 PAS DE RUSH PREVU A J+1 | M41: NON CHARGÉ | N41: 52 - Interline MCT not available ( MCT initialement non respecté) | P41: =COUNTIF($E$6:$E$1740,E41) -> 1 | Q41: =IF(AND(P41>1,COUNTIF($E$6:E41,E41)=1),MAX($Q$5:Q40)+1,"") | R41: =IF(Q41="","",IF(COUNTIFS($E$6:$E$1740,E41,$A$6:$A$1740,A41,$C$6:$C$1740,C41)<P41,"LÉGITIME",IF(COUNTIFS($E$6:$E$1740,E41,$A$6:$A$1740,A41,$C$6:$C$1740,C41,$M$6:$M$1740,M41)<P41,"STATUT DIFFÉRENT","VRAI DOUBLON")))
A42: 46269 | B42: EI | C42: EI521 | D42: 10H20 | E42: AF245882 | F42: 1 | G42: AF4199 | H42: 08H25 | I42: 2E TRI A 09H58 | K42: SHORT CONNEX | L42: BAG INJEC CONNEX 2E A 09H57/ LOCALISE EN JETEE 113 CYNO A 10H07 PUIS AU QSE A 10H43 POUR ETRE ENTREE AU KUBE A 12H19 ET EN SORTIR A 16H36 - AHLDUBEI28990 PAS DE RUSH PREVU A J+1 | M42: NON CHARGÉ | N42: 52 - Interline MCT not available ( MCT initialement non respecté) | P42: =COUNTIF($E$6:$E$1740,E42) -> 1 | Q42: =IF(AND(P42>1,COUNTIF($E$6:E42,E42)=1),MAX($Q$5:Q41)+1,"") | R42: =IF(Q42="","",IF(COUNTIFS($E$6:$E$1740,E42,$A$6:$A$1740,A42,$C$6:$C$1740,C42)<P42,"LÉGITIME",IF(COUNTIFS($E$6:$E$1740,E42,$A$6:$A$1740,A42,$C$6:$C$1740,C42,$M$6:$M$1740,M42)<P42,"STATUT DIFFÉRENT","VRAI DOUBLON")))
A43: 46269 | B43: EI | C43: EI523 | D43: 11H15 | E43: HM513129 | F43: 1 | I43: DEPART VERS PISTE 10H24 | K43: PAS DE TRACE DE CHARGEMENT | L43: CHECK BAGRADAR DEPART VERS PISTE 10H24 - PROBABLEMENT CHARGE SANS SCAN - PAS DE DOSSIER OUVERT A J+1 | M43: CHARGÉ | P43: =COUNTIF($E$6:$E$1740,E43) -> 1 | Q43: =IF(AND(P43>1,COUNTIF($E$6:E43,E43)=1),MAX($Q$5:Q42)+1,"") | R43: =IF(Q43="","",IF(COUNTIFS($E$6:$E$1740,E43,$A$6:$A$1740,A43,$C$6:$C$1740,C43)<P43,"LÉGITIME",IF(COUNTIFS($E$6:$E$1740,E43,$A$6:$A$1740,A43,$C$6:$C$1740,C43,$M$6:$M$1740,M43)<P43,"STATUT DIFFÉRENT","VRAI DOUBLON")))
A44: 46269 | B44: EI | C44: EI527 | D44: 16H30 | E44: EI130458 | F44: 1 | G44: RUSH | I44: REBUT T1 16H13 | K44: EJECTION TARDIVE | L44: APPEL GALERIE T1 A 16H28/DIT QUE C'EST TROP TARD POUR CHARGEMENT - AHLCDGEI12284 PAS DE RUSH PREVU A J+1 | M44: NON CHARGÉ | N44: 66- responsibility airport services | P44: =COUNTIF($E$6:$E$1740,E44) -> 1 | Q44: =IF(AND(P44>1,COUNTIF($E$6:E44,E44)=1),MAX($Q$5:Q43)+1,"") | R44: =IF(Q44="","",IF(COUNTIFS($E$6:$E$1740,E44,$A$6:$A$1740,A44,$C$6:$C$1740,C44)<P44,"LÉGITIME",IF(COUNTIFS($E$6:$E$1740,E44,$A$6:$A$1740,A44,$C$6:$C$1740,C44,$M$6:$M$1740,M44)<P44,"STATUT DIFFÉRENT","VRAI DOUBLON")))
A45: 46269 | B45: EI | C45: EI529 | D45: 21H55 | E45: AF273447 | F45: 1 | G45: AF0473 | H45: 19H27 | I45: T1 EJECTION WJ34 20H49 | K45: AF573447 RENTRE ISO AF273447 | L45: APPEL LEADER EI A 20H57 ET DEMANDE DE CORRIGER LE TN CAR LE BON TN EN ATTENTE ET LE TN ERRONE PAS DE TRACE | M45: SAUVÉ | P45: =COUNTIF($E$6:$E$1740,E45) -> 1 | Q45: =IF(AND(P45>1,COUNTIF($E$6:E45,E45)=1),MAX($Q$5:Q44)+1,"") | R45: =IF(Q45="","",IF(COUNTIFS($E$6:$E$1740,E45,$A$6:$A$1740,A45,$C$6:$C$1740,C45)<P45,"LÉGITIME",IF(COUNTIFS($E$6:$E$1740,E45,$A$6:$A$1740,A45,$C$6:$C$1740,C45,$M$6:$M$1740,M45)<P45,"STATUT DIFFÉRENT","VRAI DOUBLON")))
A46: 46269 | B46: EI | C46: EI529 | D46: 21H55 | E46: AF244480 | F46: 1 | G46: AF4199 | H46: 08H23 | I46: WJ41 10H43/M91 A 21H35 | J46: RRTE | K46: BSM CREE 21H35 | L46: RRTE DU EI521/APPEL NAV T1/T2 21H45/NEG EN M91/APPEL GAL T1 21H50/NEG EN WJ41 ET REBUT T1/APPEL DIRBY T1 21H59/DIT QUE PLUS PERSONNE EN GAL ET TROP DE TRAVAIL - AHLDUBEI29070 PAS DE RUSH PREVU A J+1 | M46: NON CHARGÉ | N46: 66- responsibility airport services | P46: =COUNTIF($E$6:$E$1740,E46) -> 1 | Q46: =IF(AND(P46>1,COUNTIF($E$6:E46,E46)=1),MAX($Q$5:Q45)+1,"") | R46: =IF(Q46="","",IF(COUNTIFS($E$6:$E$1740,E46,$A$6:$A$1740,A46,$C$6:$C$1740,C46)<P46,"LÉGITIME",IF(COUNTIFS($E$6:$E$1740,E46,$A$6:$A$1740,A46,$C$6:$C$1740,C46,$M$6:$M$1740,M46)<P46,"STATUT DIFFÉRENT","VRAI DOUBLON")))
A47: 46269 | B47: EI | C47: EI529 | D47: 21H55 | E47: EY539260 | F47: 1 | G47: INCONNU | I47: AUCUNE TRACE | K47: BSM CREE 21H32 | L47: NEGATIF EN BAGRADAR ET REQUETEUR/PAS DE TRACE EN BOB/NON VU DANS LES TRIEURS SUR CDG/PAD DE FWD - PAS DE DOSSIER NI RUSH PREVU | M47: CHARGÉ | P47: =COUNTIF($E$6:$E$1740,E47) -> 1 | Q47: =IF(AND(P47>1,COUNTIF($E$6:E47,E47)=1),MAX($Q$5:Q46)+1,"") | R47: =IF(Q47="","",IF(COUNTIFS($E$6:$E$1740,E47,$A$6:$A$1740,A47,$C$6:$C$1740,C47)<P47,"LÉGITIME",IF(COUNTIFS($E$6:$E$1740,E47,$A$6:$A$1740,A47,$C$6:$C$1740,C47,$M$6:$M$1740,M47)<P47,"STATUT DIFFÉRENT","VRAI DOUBLON")))
A48: 46270 | B48: EI | C48: EI521 | D48: 10H20 | E48: GF044984 | F48: 1 | G48: GF019/04SEP | H48: 07H55 | I48: M91 10H30 | L48: ENVOI BAGRUNNER POUR RECUP / BAG DÉJÀ PRIS EN CHARGE PAR LA NAVETTE / INJECTION T1 10H57 TROP TARD POUR CHARGEMENT - AHLDUBEI29123 O/B EI529/05SEP | M48: NON CHARGÉ | N48: 53 - Interline MCT not available ( MCT initialement OK) | P48: =COUNTIF($E$6:$E$1740,E48) -> 1 | Q48: =IF(AND(P48>1,COUNTIF($E$6:E48,E48)=1),MAX($Q$5:Q47)+1,"") | R48: =IF(Q48="","",IF(COUNTIFS($E$6:$E$1740,E48,$A$6:$A$1740,A48,$C$6:$C$1740,C48)<P48,"LÉGITIME",IF(COUNTIFS($E$6:$E$1740,E48,$A$6:$A$1740,A48,$C$6:$C$1740,C48,$M$6:$M$1740,M48)<P48,"STATUT DIFFÉRENT","VRAI DOUBLON")))
A49: 46270 | B49: EI | C49: EI521 | D49: 10H20 | E49: EI130553 | F49: 1 | G49: RUSH | I49: BSM CREATION 04/09 20H13 | K49: PAS DE MVT | L49: APPEL DIRBY T1 POUR INJECTION 08H30 - AHLMRSEI10436 | M49: NON CHARGÉ | N49: 66- responsibility airport services | P49: =COUNTIF($E$6:$E$1740,E49) -> 1 | Q49: =IF(AND(P49>1,COUNTIF($E$6:E49,E49)=1),MAX($Q$5:Q48)+1,"") | R49: =IF(Q49="","",IF(COUNTIFS($E$6:$E$1740,E49,$A$6:$A$1740,A49,$C$6:$C$1740,C49)<P49,"LÉGITIME",IF(COUNTIFS($E$6:$E$1740,E49,$A$6:$A$1740,A49,$C$6:$C$1740,C49,$M$6:$M$1740,M49)<P49,"STATUT DIFFÉRENT","VRAI DOUBLON")))
A50: 46270 | B50: EI | C50: EI521 | D50: 10H20 | E50: EI130150 | F50: 1 | G50: RUSH | I50: PISTE 10H00 | L50: REFUS CAR EN BAGERA LE BAGAGE EST ENREGISTRE SUR UN AUTRE VOL - AHLBNAEI10329 O/B EI521/EI77/06SEP | M50: NON CHARGÉ | N50: 66- responsibility airport services | P50: =COUNTIF($E$6:$E$1740,E50) -> 1 | Q50: =IF(AND(P50>1,COUNTIF($E$6:E50,E50)=1),MAX($Q$5:Q49)+1,"") | R50: =IF(Q50="","",IF(COUNTIFS($E$6:$E$1740,E50,$A$6:$A$1740,A50,$C$6:$C$1740,C50)<P50,"LÉGITIME",IF(COUNTIFS($E$6:$E$1740,E50,$A$6:$A$1740,A50,$C$6:$C$1740,C50,$M$6:$M$1740,M50)<P50,"STATUT DIFFÉRENT","VRAI DOUBLON")))
A51: 46270 | B51: EI | C51: EI523 | D51: 11H15 | E51: EI130600 | F51: 1 | G51: RUSH | I51: T1 CYNO MJ90 09H46 | L51: APPEL GALERIE T1 POUR INJECTION 10H30 | M51: SAUVÉ | P51: =COUNTIF($E$6:$E$1740,E51) -> 1 | Q51: =IF(AND(P51>1,COUNTIF($E$6:E51,E51)=1),MAX($Q$5:Q50)+1,"") | R51: =IF(Q51="","",IF(COUNTIFS($E$6:$E$1740,E51,$A$6:$A$1740,A51,$C$6:$C$1740,C51)<P51,"LÉGITIME",IF(COUNTIFS($E$6:$E$1740,E51,$A$6:$A$1740,A51,$C$6:$C$1740,C51,$M$6:$M$1740,M51)<P51,"STATUT DIFFÉRENT","VRAI DOUBLON")))
A52: 46270 | B52: EI | C52: EI523 | D52: 11H15 | E52: EI224323 | F52: 1 | G52: LOCAL | I52: T1 CYNO MJ90 10H27 | L52: APPEL GALERIE T1 POUR INJECTION 10H30 | M52: SAUVÉ | P52: =COUNTIF($E$6:$E$1740,E52) -> 1 | Q52: =IF(AND(P52>1,COUNTIF($E$6:E52,E52)=1),MAX($Q$5:Q51)+1,"") | R52: =IF(Q52="","",IF(COUNTIFS($E$6:$E$1740,E52,$A$6:$A$1740,A52,$C$6:$C$1740,C52)<P52,"LÉGITIME",IF(COUNTIFS($E$6:$E$1740,E52,$A$6:$A$1740,A52,$C$6:$C$1740,C52,$M$6:$M$1740,M52)<P52,"STATUT DIFFÉRENT","VRAI DOUBLON")))
A53: 46270 | B53: EI | C53: EI523 | D53: 11H15 | E53: EI224752 | F53: 1 | G53: LOCAL | I53: T1 CYNO MJ90 10H25 | L53: APPEL GALERIE T1 POUR INJECTION 10H30 | M53: SAUVÉ | P53: =COUNTIF($E$6:$E$1740,E53) -> 1 | Q53: =IF(AND(P53>1,COUNTIF($E$6:E53,E53)=1),MAX($Q$5:Q52)+1,"") | R53: =IF(Q53="","",IF(COUNTIFS($E$6:$E$1740,E53,$A$6:$A$1740,A53,$C$6:$C$1740,C53)<P53,"LÉGITIME",IF(COUNTIFS($E$6:$E$1740,E53,$A$6:$A$1740,A53,$C$6:$C$1740,C53,$M$6:$M$1740,M53)<P53,"STATUT DIFFÉRENT","VRAI DOUBLON")))
A54: 46270 | B54: EI | C54: EI523 | D54: 11H15 | E54: EI130608 | F54: 1 | G54: RUSH | I54: T1 GE16 HORS FORMAT 08H28 | L54: APPEL DIRBY T1 POUR INJECTION 10H00 | M54: SAUVÉ | P54: =COUNTIF($E$6:$E$1740,E54) -> 1 | Q54: =IF(AND(P54>1,COUNTIF($E$6:E54,E54)=1),MAX($Q$5:Q53)+1,"") | R54: =IF(Q54="","",IF(COUNTIFS($E$6:$E$1740,E54,$A$6:$A$1740,A54,$C$6:$C$1740,C54)<P54,"LÉGITIME",IF(COUNTIFS($E$6:$E$1740,E54,$A$6:$A$1740,A54,$C$6:$C$1740,C54,$M$6:$M$1740,M54)<P54,"STATUT DIFFÉRENT","VRAI DOUBLON")))
A55: 46270 | B55: EI | C55: EI523 | D55: 11H15 | E55: MH554463 | F55: 1 | G55: MH020 | H55: 06H55 | I55: JETEE T1 10H52 | K55: BSM CREATION TARDIVE | L55: DEPART VERS PISTE A 10H52 / BAG REFUSE BSM CREATION 11H40 - AHLDUBEI29128 PAS DE RUSH PREVU A J+1 | M55: NON CHARGÉ | N55: 53 - Interline MCT not available ( MCT initialement OK) | P55: =COUNTIF($E$6:$E$1740,E55) -> 1 | Q55: =IF(AND(P55>1,COUNTIF($E$6:E55,E55)=1),MAX($Q$5:Q54)+1,"") | R55: =IF(Q55="","",IF(COUNTIFS($E$6:$E$1740,E55,$A$6:$A$1740,A55,$C$6:$C$1740,C55)<P55,"LÉGITIME",IF(COUNTIFS($E$6:$E$1740,E55,$A$6:$A$1740,A55,$C$6:$C$1740,C55,$M$6:$M$1740,M55)<P55,"STATUT DIFFÉRENT","VRAI DOUBLON")))
A56: 46270 | B56: EI | C56: EI523 | D56: 11H15 | E56: MH554464 | F56: 1 | G56: MH020 | H56: 06H55 | I56: JETEE T1 10H52 | K56: BSM CREATION TARDIVE | L56: DEPART VERS PISTE A 10H52 / BAG REFUSE BSM CREATION 11H40 - AHLDUBEI29128 PAS DE RUSH PREVU A J+1 | M56: NON CHARGÉ | N56: 53 - Interline MCT not available ( MCT initialement OK) | P56: =COUNTIF($E$6:$E$1740,E56) -> 1 | Q56: =IF(AND(P56>1,COUNTIF($E$6:E56,E56)=1),MAX($Q$5:Q55)+1,"") | R56: =IF(Q56="","",IF(COUNTIFS($E$6:$E$1740,E56,$A$6:$A$1740,A56,$C$6:$C$1740,C56)<P56,"LÉGITIME",IF(COUNTIFS($E$6:$E$1740,E56,$A$6:$A$1740,A56,$C$6:$C$1740,C56,$M$6:$M$1740,M56)<P56,"STATUT DIFFÉRENT","VRAI DOUBLON")))
A57: 46270 | B57: EI | C57: EI523 | D57: 11H15 | E57: MH555006 | F57: 1 | G57: MH020 | H57: 06H55 | I57: JETEE T1 10H52 | K57: BSM CREATION TARDIVE | L57: DEPART VERS PISTE A 10H52 / BAG REFUSE BSM CREATION 11H40 - AHLDUBEI29127 PAS DE RUSH PREVU A J+1 | M57: NON CHARGÉ | N57: 53 - Interline MCT not available ( MCT initialement OK) | P57: =COUNTIF($E$6:$E$1740,E57) -> 1 | Q57: =IF(AND(P57>1,COUNTIF($E$6:E57,E57)=1),MAX($Q$5:Q56)+1,"") | R57: =IF(Q57="","",IF(COUNTIFS($E$6:$E$1740,E57,$A$6:$A$1740,A57,$C$6:$C$1740,C57)<P57,"LÉGITIME",IF(COUNTIFS($E$6:$E$1740,E57,$A$6:$A$1740,A57,$C$6:$C$1740,C57,$M$6:$M$1740,M57)<P57,"STATUT DIFFÉRENT","VRAI DOUBLON")))
A58: 46270 | B58: EI | C58: EI523 | D58: 11H15 | E58: MH555009 | F58: 1 | G58: MH020 | H58: 06H55 | I58: JETEE T1 10H53 | K58: BSM CREATION TARDIVE | L58: DEPART VERS PISTE A 10H52 / BAG REFUSE BSM CREATION 11H40 - AHLDUBEI21927 PAS DE RUSH PREVU A J+1 | M58: NON CHARGÉ | N58: 53 - Interline MCT not available ( MCT initialement OK) | P58: =COUNTIF($E$6:$E$1740,E58) -> 1 | Q58: =IF(AND(P58>1,COUNTIF($E$6:E58,E58)=1),MAX($Q$5:Q57)+1,"") | R58: =IF(Q58="","",IF(COUNTIFS($E$6:$E$1740,E58,$A$6:$A$1740,A58,$C$6:$C$1740,C58)<P58,"LÉGITIME",IF(COUNTIFS($E$6:$E$1740,E58,$A$6:$A$1740,A58,$C$6:$C$1740,C58,$M$6:$M$1740,M58)<P58,"STATUT DIFFÉRENT","VRAI DOUBLON")))
A59: 46270 | B59: EI | C59: EI523 | D59: 11H15 | E59: AF343916 | F59: 1 | G59: AF832 | H59: 07H55 | I59: JETEE T1 10H54 | K59: BSM CREATION TARDIVE | L59: DEPART VERS PISTE A 10H52 / BAG REFUSE BSM CREATION 11H39 - AHLDUBEI29120 O/B EI529/05SEP | M59: NON CHARGÉ | N59: 53 - Interline MCT not available ( MCT initialement OK) | P59: =COUNTIF($E$6:$E$1740,E59) -> 1 | Q59: =IF(AND(P59>1,COUNTIF($E$6:E59,E59)=1),MAX($Q$5:Q58)+1,"") | R59: =IF(Q59="","",IF(COUNTIFS($E$6:$E$1740,E59,$A$6:$A$1740,A59,$C$6:$C$1740,C59)<P59,"LÉGITIME",IF(COUNTIFS($E$6:$E$1740,E59,$A$6:$A$1740,A59,$C$6:$C$1740,C59,$M$6:$M$1740,M59)<P59,"STATUT DIFFÉRENT","VRAI DOUBLON")))
A60: 46270 | B60: EI | C60: EI525 | D60: 13H15 | E60: EI130641 | F60: 1 | G60: RUSH | I60: PAS DE LOC | K60: PAS DE MVT | L60: APPEL DIRBY 12H30 POUR ENVOYER BAG S/BORD - AHLDUBEI28855 PAS DE RUSH PREVU A J+1 | M60: NON CHARGÉ | N60: 66- responsibility airport services | P60: =COUNTIF($E$6:$E$1740,E60) -> 1 | Q60: =IF(AND(P60>1,COUNTIF($E$6:E60,E60)=1),MAX($Q$5:Q59)+1,"") | R60: =IF(Q60="","",IF(COUNTIFS($E$6:$E$1740,E60,$A$6:$A$1740,A60,$C$6:$C$1740,C60)<P60,"LÉGITIME",IF(COUNTIFS($E$6:$E$1740,E60,$A$6:$A$1740,A60,$C$6:$C$1740,C60,$M$6:$M$1740,M60)<P60,"STATUT DIFFÉRENT","VRAI DOUBLON")))
A61: 46270 | B61: EI | C61: EI525 | D61: 13H15 | E61: EI130645 | F61: 1 | G61: RUSH | I61: PAS DE LOC | K61: PAS DE MVT | L61: APPEL DIRBY 12H30 POUR ENVOYER BAG S/BORD - AHLDUBEI28855 PAS DE RUSH PREVU A J+1 | M61: NON CHARGÉ | N61: 66- responsibility airport services | P61: =COUNTIF($E$6:$E$1740,E61) -> 1 | Q61: =IF(AND(P61>1,COUNTIF($E$6:E61,E61)=1),MAX($Q$5:Q60)+1,"") | R61: =IF(Q61="","",IF(COUNTIFS($E$6:$E$1740,E61,$A$6:$A$1740,A61,$C$6:$C$1740,C61)<P61,"LÉGITIME",IF(COUNTIFS($E$6:$E$1740,E61,$A$6:$A$1740,A61,$C$6:$C$1740,C61,$M$6:$M$1740,M61)<P61,"STATUT DIFFÉRENT","VRAI DOUBLON")))
A62: 46270 | B62: EI | C62: EI527 | D62: 17H00 | E62: QR211030 | F62: 1 | G62: QR039 | I62: PAS DE TRACE | L62: 16H08 : ENREGISTREMENT TARDIF - NEG DANS TOUS SYSTEMES - AHLDUBEI29160 O/B EI521/06SEP | M62: NON CHARGÉ | N62: 53 - Interline MCT not available ( MCT initialement OK) | P62: =COUNTIF($E$6:$E$1740,E62) -> 1 | Q62: =IF(AND(P62>1,COUNTIF($E$6:E62,E62)=1),MAX($Q$5:Q61)+1,"") | R62: =IF(Q62="","",IF(COUNTIFS($E$6:$E$1740,E62,$A$6:$A$1740,A62,$C$6:$C$1740,C62)<P62,"LÉGITIME",IF(COUNTIFS($E$6:$E$1740,E62,$A$6:$A$1740,A62,$C$6:$C$1740,C62,$M$6:$M$1740,M62)<P62,"STATUT DIFFÉRENT","VRAI DOUBLON")))
A63: 46270 | B63: EI | C63: EI527 | D63: 17H00 | E63: QR211031 | F63: 1 | G63: QR039 | H63: 15H08 | L63: 16H08 : ENREGISTREMENT TARDIF - NEG DANS TOUS SYSTEMES - AHLDUBEI29160 PAS DE RUSH PREVU A J+1 | M63: NON CHARGÉ | N63: 53 - Interline MCT not available ( MCT initialement OK) | P63: =COUNTIF($E$6:$E$1740,E63) -> 1 | Q63: =IF(AND(P63>1,COUNTIF($E$6:E63,E63)=1),MAX($Q$5:Q62)+1,"") | R63: =IF(Q63="","",IF(COUNTIFS($E$6:$E$1740,E63,$A$6:$A$1740,A63,$C$6:$C$1740,C63)<P63,"LÉGITIME",IF(COUNTIFS($E$6:$E$1740,E63,$A$6:$A$1740,A63,$C$6:$C$1740,C63,$M$6:$M$1740,M63)<P63,"STATUT DIFFÉRENT","VRAI DOUBLON")))
A64: 46270 | B64: EI | C64: EI527 | D64: 17H00 | E64: QR214321 | F64: 1 | G64: QR039 | H64: 15H08 | L64: 16H08 : ENREGISTREMENT TARDIF - NEG DANS TOUS SYSTEMES - AHLDUBEI29157 PAS DE RUSH PREVU J+1 | M64: NON CHARGÉ | N64: 53 - Interline MCT not available ( MCT initialement OK) | P64: =COUNTIF($E$6:$E$1740,E64) -> 1 | Q64: =IF(AND(P64>1,COUNTIF($E$6:E64,E64)=1),MAX($Q$5:Q63)+1,"") | R64: =IF(Q64="","",IF(COUNTIFS($E$6:$E$1740,E64,$A$6:$A$1740,A64,$C$6:$C$1740,C64)<P64,"LÉGITIME",IF(COUNTIFS($E$6:$E$1740,E64,$A$6:$A$1740,A64,$C$6:$C$1740,C64,$M$6:$M$1740,M64)<P64,"STATUT DIFFÉRENT","VRAI DOUBLON")))
A65: 46270 | B65: EI | C65: EI527 | D65: 17H00 | E65: QR214344 | F65: 1 | G65: QR039 | H65: 15H08 | L65: 16H08 : ENREGISTREMENT TARDIF - NEG DANS TOUS SYSTEMES - AHLDUBEI29159 PAS DE RUSH PREVU J+1 | M65: NON CHARGÉ | N65: 53 - Interline MCT not available ( MCT initialement OK) | P65: =COUNTIF($E$6:$E$1740,E65) -> 1 | Q65: =IF(AND(P65>1,COUNTIF($E$6:E65,E65)=1),MAX($Q$5:Q64)+1,"") | R65: =IF(Q65="","",IF(COUNTIFS($E$6:$E$1740,E65,$A$6:$A$1740,A65,$C$6:$C$1740,C65)<P65,"LÉGITIME",IF(COUNTIFS($E$6:$E$1740,E65,$A$6:$A$1740,A65,$C$6:$C$1740,C65,$M$6:$M$1740,M65)<P65,"STATUT DIFFÉRENT","VRAI DOUBLON")))
A66: 46270 | B66: EI | C66: EI527 | D66: 17H00 | E66: QR214644 | F66: 1 | G66: QR039 | H66: 15H08 | L66: 16H08 : ENREGISTREMENT TARDIF - NEG DANS TOUS SYSTEMES - AHLDUBEI29159 PAS DE RUSH PREVU J+1 | M66: NON CHARGÉ | N66: 53 - Interline MCT not available ( MCT initialement OK) | P66: =COUNTIF($E$6:$E$1740,E66) -> 1 | Q66: =IF(AND(P66>1,COUNTIF($E$6:E66,E66)=1),MAX($Q$5:Q65)+1,"") | R66: =IF(Q66="","",IF(COUNTIFS($E$6:$E$1740,E66,$A$6:$A$1740,A66,$C$6:$C$1740,C66)<P66,"LÉGITIME",IF(COUNTIFS($E$6:$E$1740,E66,$A$6:$A$1740,A66,$C$6:$C$1740,C66,$M$6:$M$1740,M66)<P66,"STATUT DIFFÉRENT","VRAI DOUBLON")))
A67: 46270 | B67: EI | C67: EI527 | D67: 17H00 | E67: QR223785 | F67: 1 | G67: QR039 | H67: 15H08 | L67: 16H08 : ENREGISTREMENT TARDIF - NEG DANS TOUS SYSTEMES - AHLDUBEI29159 PAS DE RUSH PREVU J+1 | M67: NON CHARGÉ | N67: 53 - Interline MCT not available ( MCT initialement OK) | P67: =COUNTIF($E$6:$E$1740,E67) -> 1 | Q67: =IF(AND(P67>1,COUNTIF($E$6:E67,E67)=1),MAX($Q$5:Q66)+1,"") | R67: =IF(Q67="","",IF(COUNTIFS($E$6:$E$1740,E67,$A$6:$A$1740,A67,$C$6:$C$1740,C67)<P67,"LÉGITIME",IF(COUNTIFS($E$6:$E$1740,E67,$A$6:$A$1740,A67,$C$6:$C$1740,C67,$M$6:$M$1740,M67)<P67,"STATUT DIFFÉRENT","VRAI DOUBLON")))
A68: 46270 | B68: EI | C68: EI527 | D68: 17H00 | E68: QR223941 | F68: 1 | G68: QR039 | H68: 15H08 | L68: 16H08 : ENREGISTREMENT TARDIF - NEG DANS TOUS SYSTEMES - AHLDUBEI29160 PAS DE RUSH PREVU A J+1 | M68: NON CHARGÉ | N68: 53 - Interline MCT not available ( MCT initialement OK) | P68: =COUNTIF($E$6:$E$1740,E68) -> 1 | Q68: =IF(AND(P68>1,COUNTIF($E$6:E68,E68)=1),MAX($Q$5:Q67)+1,"") | R68: =IF(Q68="","",IF(COUNTIFS($E$6:$E$1740,E68,$A$6:$A$1740,A68,$C$6:$C$1740,C68)<P68,"LÉGITIME",IF(COUNTIFS($E$6:$E$1740,E68,$A$6:$A$1740,A68,$C$6:$C$1740,C68,$M$6:$M$1740,M68)<P68,"STATUT DIFFÉRENT","VRAI DOUBLON")))
A69: 46270 | B69: EI | C69: EI527 | D69: 17H00 | E69: EI226960 | F69: 1 | G69: LOCAL | L69: GALERIE T1 CONTACTE A 17H10 POST DEPART PAS DE LOCAUX RESTANTS - DERNIERE LOC EN WJ34 A 15H52 - PAS DE DOSSIER A J+1 PROBABLEMENT CHARGE SANS SCAN | M69: CHARGÉ | P69: =COUNTIF($E$6:$E$1740,E69) -> 1 | Q69: =IF(AND(P69>1,COUNTIF($E$6:E69,E69)=1),MAX($Q$5:Q68)+1,"") | R69: =IF(Q69="","",IF(COUNTIFS($E$6:$E$1740,E69,$A$6:$A$1740,A69,$C$6:$C$1740,C69)<P69,"LÉGITIME",IF(COUNTIFS($E$6:$E$1740,E69,$A$6:$A$1740,A69,$C$6:$C$1740,C69,$M$6:$M$1740,M69)<P69,"STATUT DIFFÉRENT","VRAI DOUBLON")))
A70: 46270 | B70: EI | C70: EI527 | D70: 17H00 | E70: QR214407 | F70: 1 | G70: QR039 | H70: 15H08 | I70: PAS DE TRACE | L70: 16H08 ENREGISTREMENT TARDIF - NEG DANS TOUS SYSTEMES - AHLDUBEI29157 PAS DE RUSH PREVU J+1 | M70: NON CHARGÉ | N70: 53 - Interline MCT not available ( MCT initialement OK) | P70: =COUNTIF($E$6:$E$1740,E70) -> 1 | Q70: =IF(AND(P70>1,COUNTIF($E$6:E70,E70)=1),MAX($Q$5:Q69)+1,"") | R70: =IF(Q70="","",IF(COUNTIFS($E$6:$E$1740,E70,$A$6:$A$1740,A70,$C$6:$C$1740,C70)<P70,"LÉGITIME",IF(COUNTIFS($E$6:$E$1740,E70,$A$6:$A$1740,A70,$C$6:$C$1740,C70,$M$6:$M$1740,M70)<P70,"STATUT DIFFÉRENT","VRAI DOUBLON")))
A71: 46271 | B71: EI | C71: EI909 | D71: 11H10 | E71: EI130449 | F71: 1 | G71: RUSH | I71: GE16 | L71: APPEL DIRBY POUR INJECT 10H00 - AHLSNNEI76762 PAS DE NOUVEAU RUSH PREVU A J+1 | M71: NON CHARGÉ | N71: 66- responsibility airport services | P71: =COUNTIF($E$6:$E$1740,E71) -> 1 | Q71: =IF(AND(P71>1,COUNTIF($E$6:E71,E71)=1),MAX($Q$5:Q70)+1,"") | R71: =IF(Q71="","",IF(COUNTIFS($E$6:$E$1740,E71,$A$6:$A$1740,A71,$C$6:$C$1740,C71)<P71,"LÉGITIME",IF(COUNTIFS($E$6:$E$1740,E71,$A$6:$A$1740,A71,$C$6:$C$1740,C71,$M$6:$M$1740,M71)<P71,"STATUT DIFFÉRENT","VRAI DOUBLON")))
A72: 46271 | B72: EI | C72: EI909 | D72: 11H10 | E72: EI229278 | F72: 1 | G72: LOCAL | L72: BAG 5KG BAG CABINE - PAS DE DOSSIE ROUVERT A J+1 | M72: CHARGÉ | P72: =COUNTIF($E$6:$E$1740,E72) -> 1 | Q72: =IF(AND(P72>1,COUNTIF($E$6:E72,E72)=1),MAX($Q$5:Q71)+1,"") | R72: =IF(Q72="","",IF(COUNTIFS($E$6:$E$1740,E72,$A$6:$A$1740,A72,$C$6:$C$1740,C72)<P72,"LÉGITIME",IF(COUNTIFS($E$6:$E$1740,E72,$A$6:$A$1740,A72,$C$6:$C$1740,C72,$M$6:$M$1740,M72)<P72,"STATUT DIFFÉRENT","VRAI DOUBLON")))
A73: 46271 | B73: EI | C73: EI523 | D73: 11H15 | E73: AA493672 | F73: 1 | I73: BSM CREA 10H40 | K73: CREATION TARDIVE 10H40 | L73: AUCUNE TRACE DANS NOS DIFFERENTS SYSTEMES A J+1 BAG LOCALISE EN OHDCDGAA63001 - AHLCMHAA32559 | M73: NON CHARGÉ | N73: 27 - Local passenger rerouted / Bag not rerouted | P73: =COUNTIF($E$6:$E$1740,E73) -> 1 | Q73: =IF(AND(P73>1,COUNTIF($E$6:E73,E73)=1),MAX($Q$5:Q72)+1,"") | R73: =IF(Q73="","",IF(COUNTIFS($E$6:$E$1740,E73,$A$6:$A$1740,A73,$C$6:$C$1740,C73)<P73,"LÉGITIME",IF(COUNTIFS($E$6:$E$1740,E73,$A$6:$A$1740,A73,$C$6:$C$1740,C73,$M$6:$M$1740,M73)<P73,"STATUT DIFFÉRENT","VRAI DOUBLON")))
A74: 46271 | B74: EI | C74: EI523 | D74: 11H15 | E74: AA493673 | F74: 1 | I74: BSM CREA 10H40 | K74: CREATION TARDIVE 10H40 | L74: AUCUNE TRACE DANS NOS DIFFERENTS SYSTEMES A J+1 BAG LOCALISE EN OHDCDGAA63003 - AHLCMHAA32559 | M74: NON CHARGÉ | N74: 27 - Local passenger rerouted / Bag not rerouted | P74: =COUNTIF($E$6:$E$1740,E74) -> 1 | Q74: =IF(AND(P74>1,COUNTIF($E$6:E74,E74)=1),MAX($Q$5:Q73)+1,"") | R74: =IF(Q74="","",IF(COUNTIFS($E$6:$E$1740,E74,$A$6:$A$1740,A74,$C$6:$C$1740,C74)<P74,"LÉGITIME",IF(COUNTIFS($E$6:$E$1740,E74,$A$6:$A$1740,A74,$C$6:$C$1740,C74,$M$6:$M$1740,M74)<P74,"STATUT DIFFÉRENT","VRAI DOUBLON")))
A75: 46271 | B75: EI | C75: EI523 | D75: 11H15 | E75: AA493674 | F75: 1 | I75: BSM CREA 10H33 | K75: CREATION TARDIVE 10H33 | L75: AUCUNE TRACE DANS NOS DIFFERENTS SYSTEMES A J+1 BAG LOCALISE EN OHDCDGAA63004 - AHLCMHAA32559 | M75: NON CHARGÉ | N75: 27 - Local passenger rerouted / Bag not rerouted | P75: =COUNTIF($E$6:$E$1740,E75) -> 1 | Q75: =IF(AND(P75>1,COUNTIF($E$6:E75,E75)=1),MAX($Q$5:Q74)+1,"") | R75: =IF(Q75="","",IF(COUNTIFS($E$6:$E$1740,E75,$A$6:$A$1740,A75,$C$6:$C$1740,C75)<P75,"LÉGITIME",IF(COUNTIFS($E$6:$E$1740,E75,$A$6:$A$1740,A75,$C$6:$C$1740,C75,$M$6:$M$1740,M75)<P75,"STATUT DIFFÉRENT","VRAI DOUBLON")))
A76: 46271 | B76: EI | C76: EI523 | D76: 11H15 | E76: AA493675 | F76: 1 | I76: BSM CREA 10H33 | K76: CREATION TARDIVE 10H33 | L76: AUCUNE TRACE DANS NOS DIFFERENTS SYSTEMES A J+1 BAG LOCALISE EN OHDCDGAA63000 - AHLCMHAA32559 | M76: NON CHARGÉ | N76: 27 - Local passenger rerouted / Bag not rerouted | P76: =COUNTIF($E$6:$E$1740,E76) -> 1 | Q76: =IF(AND(P76>1,COUNTIF($E$6:E76,E76)=1),MAX($Q$5:Q75)+1,"") | R76: =IF(Q76="","",IF(COUNTIFS($E$6:$E$1740,E76,$A$6:$A$1740,A76,$C$6:$C$1740,C76)<P76,"LÉGITIME",IF(COUNTIFS($E$6:$E$1740,E76,$A$6:$A$1740,A76,$C$6:$C$1740,C76,$M$6:$M$1740,M76)<P76,"STATUT DIFFÉRENT","VRAI DOUBLON")))
A77: 46271 | B77: EI | C77: EI523 | D77: 11H15 | E77: EI229536 | F77: 1 | G77: LOCAL | I77: BSM CREA 09H43 | K77: PAS DE MVT | L77: BAGS DE 6KGS PRBL POUSSETTE / APPEL LEADER VOL INJOIGNABLE - PAS DE DOSSIER OUVERT A J+1 | M77: CHARGÉ | P77: =COUNTIF($E$6:$E$1740,E77) -> 1 | Q77: =IF(AND(P77>1,COUNTIF($E$6:E77,E77)=1),MAX($Q$5:Q76)+1,"") | R77: =IF(Q77="","",IF(COUNTIFS($E$6:$E$1740,E77,$A$6:$A$1740,A77,$C$6:$C$1740,C77)<P77,"LÉGITIME",IF(COUNTIFS($E$6:$E$1740,E77,$A$6:$A$1740,A77,$C$6:$C$1740,C77,$M$6:$M$1740,M77)<P77,"STATUT DIFFÉRENT","VRAI DOUBLON")))
A78: 46271 | B78: EI | C78: EI525 | D78: 13H15 | E78: EI130768 | F78: 1 | G78: RUSH | I78: T1 GE 16 HF 13H05 | K78: ARRIVEE TARDIVE | L78: APPEL DIRBY 12H10+12H15+12H20/PAS DE REPONSE/ BAG ENVOYE TROP TARD - OHDCDGEI12286 ENVOI LZ PAS DE RUSH PREVU A J+1 | M78: NON CHARGÉ | N78: 66- responsibility airport services | P78: =COUNTIF($E$6:$E$1740,E78) -> 1 | Q78: =IF(AND(P78>1,COUNTIF($E$6:E78,E78)=1),MAX($Q$5:Q77)+1,"") | R78: =IF(Q78="","",IF(COUNTIFS($E$6:$E$1740,E78,$A$6:$A$1740,A78,$C$6:$C$1740,C78)<P78,"LÉGITIME",IF(COUNTIFS($E$6:$E$1740,E78,$A$6:$A$1740,A78,$C$6:$C$1740,C78,$M$6:$M$1740,M78)<P78,"STATUT DIFFÉRENT","VRAI DOUBLON")))
A79: 46271 | B79: EI | C79: EI529 | D79: 21H55 | E79: EI130835 | F79: 1 | G79: RUSH | I79: PAS DE TRACE | K79: PAS DE TRACE | L79: 20H42 : APPEL DIRBY T1 - SANS REPONSE - AHLDUBEI29128 PAS DE NOUVEAU RUSH A J+1 | M79: NON CHARGÉ | N79: 66- responsibility airport services | P79: =COUNTIF($E$6:$E$1740,E79) -> 1 | Q79: =IF(AND(P79>1,COUNTIF($E$6:E79,E79)=1),MAX($Q$5:Q78)+1,"") | R79: =IF(Q79="","",IF(COUNTIFS($E$6:$E$1740,E79,$A$6:$A$1740,A79,$C$6:$C$1740,C79)<P79,"LÉGITIME",IF(COUNTIFS($E$6:$E$1740,E79,$A$6:$A$1740,A79,$C$6:$C$1740,C79,$M$6:$M$1740,M79)<P79,"STATUT DIFFÉRENT","VRAI DOUBLON")))
A80: 46271 | B80: EI | C80: EI529 | D80: 21H55 | E80: EI130836 | F80: 1 | G80: RUSH | I80: PAS DE TRACE | K80: PAS DE TRACE | L80: 20H42 : APPEL DIRBY T1 - SANS REPONSE - AHLDUBEI29128 PAS DE NOUVEAU RUSH A J+1 | M80: NON CHARGÉ | N80: 66- responsibility airport services | P80: =COUNTIF($E$6:$E$1740,E80) -> 1 | Q80: =IF(AND(P80>1,COUNTIF($E$6:E80,E80)=1),MAX($Q$5:Q79)+1,"") | R80: =IF(Q80="","",IF(COUNTIFS($E$6:$E$1740,E80,$A$6:$A$1740,A80,$C$6:$C$1740,C80)<P80,"LÉGITIME",IF(COUNTIFS($E$6:$E$1740,E80,$A$6:$A$1740,A80,$C$6:$C$1740,C80,$M$6:$M$1740,M80)<P80,"STATUT DIFFÉRENT","VRAI DOUBLON")))
A81: 46271 | B81: EI | C81: EI529 | D81: 21H55 | E81: EI130837 | F81: 1 | G81: RUSH | I81: PAS DE TRACE | K81: PAS DE TRACE | L81: 20H42 : APPEL DIRBY T1 - SANS REPONSE - AHLDUBEI28855 PAS DE NOUVEAU RUSH A J+1 | M81: NON CHARGÉ | N81: 66- responsibility airport services | P81: =COUNTIF($E$6:$E$1740,E81) -> 1 | Q81: =IF(AND(P81>1,COUNTIF($E$6:E81,E81)=1),MAX($Q$5:Q80)+1,"") | R81: =IF(Q81="","",IF(COUNTIFS($E$6:$E$1740,E81,$A$6:$A$1740,A81,$C$6:$C$1740,C81)<P81,"LÉGITIME",IF(COUNTIFS($E$6:$E$1740,E81,$A$6:$A$1740,A81,$C$6:$C$1740,C81,$M$6:$M$1740,M81)<P81,"STATUT DIFFÉRENT","VRAI DOUBLON")))
A82: 46271 | B82: EI | C82: EI529 | D82: 21H55 | E82: EI130838 | F82: 1 | G82: RUSH | I82: PAS DE TRACE | K82: PAS DE TRACE | L82: 20H42 : APPEL DIRBY T1 - SANS REPONSE - AHLDUBEI29156 PAS DE NOUVEAU RUSH A J+1 | M82: NON CHARGÉ | N82: 66- responsibility airport services | P82: =COUNTIF($E$6:$E$1740,E82) -> 1 | Q82: =IF(AND(P82>1,COUNTIF($E$6:E82,E82)=1),MAX($Q$5:Q81)+1,"") | R82: =IF(Q82="","",IF(COUNTIFS($E$6:$E$1740,E82,$A$6:$A$1740,A82,$C$6:$C$1740,C82)<P82,"LÉGITIME",IF(COUNTIFS($E$6:$E$1740,E82,$A$6:$A$1740,A82,$C$6:$C$1740,C82,$M$6:$M$1740,M82)<P82,"STATUT DIFFÉRENT","VRAI DOUBLON")))
A83: 46272 | B83: EI | C83: EI521 | D83: 10H20 | E83: AF494436 | F83: 1 | G83: AF283 | H83: 06H35 | I83: PISTE | K83: REFUS CHARGEMENT | L83: 08H08 A 08H57 : TENTATIVE CHARGEMENT MAIS BAG NON AUTORISE → 10H01 : BAG EN PISTE MAIS REFUS CHARGEMENT → TENTATIVE DE JOINDRE LEAD EI MAIS NEG /J+1 DUBEI29274 -Aucune trace de rush | M83: NON CHARGÉ | N83: 53 - Interline MCT not available ( MCT initialement OK) | P83: =COUNTIF($E$6:$E$1740,E83) -> 1 | Q83: =IF(AND(P83>1,COUNTIF($E$6:E83,E83)=1),MAX($Q$5:Q82)+1,"") | R83: =IF(Q83="","",IF(COUNTIFS($E$6:$E$1740,E83,$A$6:$A$1740,A83,$C$6:$C$1740,C83)<P83,"LÉGITIME",IF(COUNTIFS($E$6:$E$1740,E83,$A$6:$A$1740,A83,$C$6:$C$1740,C83,$M$6:$M$1740,M83)<P83,"STATUT DIFFÉRENT","VRAI DOUBLON")))
A84: 46272 | B84: EI | C84: EI521 | D84: 10H20 | E84: AF616856 | F84: 1 | G84: AF283 | H84: 06H35 | I84: PISTE | K84: REFUS CHARGEMENT | L84: CHECK S/ BOB :DERNIERE TRACE JETEE T1 DPT SUR PISTE A 09H40 → APRES RECHERCHE ERREUR CKIN : TAG INITIAL 6E616856 →09H50 :CTC LEAD EI POUR CHANGEMENT: INJOIGNABLE → BAG NON AUTORISE /DUBEI29273 | M84: NON CHARGÉ | N84: 11 - Incorrect or no entries on tag | P84: =COUNTIF($E$6:$E$1740,E84) -> 1 | Q84: =IF(AND(P84>1,COUNTIF($E$6:E84,E84)=1),MAX($Q$5:Q83)+1,"") | R84: =IF(Q84="","",IF(COUNTIFS($E$6:$E$1740,E84,$A$6:$A$1740,A84,$C$6:$C$1740,C84)<P84,"LÉGITIME",IF(COUNTIFS($E$6:$E$1740,E84,$A$6:$A$1740,A84,$C$6:$C$1740,C84,$M$6:$M$1740,M84)<P84,"STATUT DIFFÉRENT","VRAI DOUBLON")))
A85: 46272 | B85: EI | C85: EI521 | D85: 10H20 | E85: AF616869 | F85: 1 | G85: AF283 | H85: 06H35 | I85: PISTE | K85: REFUS CHARGEMENT | L85: CHECK S/ BOB :DERNIERE TRACE JETEE T1 DPT SUR PISTE A 09H40 → APRES RECHERCHE ERREUR CKIN : TAG INITIAL 6E616869 →09H50 :CTC LEAD EI POUR CHANGEMENT: INJOIGNABLE → BAG NON AUTORISE /DUBEI29273 | M85: NON CHARGÉ | N85: 11 - Incorrect or no entries on tag | P85: =COUNTIF($E$6:$E$1740,E85) -> 1 | Q85: =IF(AND(P85>1,COUNTIF($E$6:E85,E85)=1),MAX($Q$5:Q84)+1,"") | R85: =IF(Q85="","",IF(COUNTIFS($E$6:$E$1740,E85,$A$6:$A$1740,A85,$C$6:$C$1740,C85)<P85,"LÉGITIME",IF(COUNTIFS($E$6:$E$1740,E85,$A$6:$A$1740,A85,$C$6:$C$1740,C85,$M$6:$M$1740,M85)<P85,"STATUT DIFFÉRENT","VRAI DOUBLON")))
A86: 46272 | B86: EI | C86: EI521 | D86: 10H20 | E86: EI233163 | F86: 1 | G86: LOCAL | I86: T1 EJECTION WJ43 08H37 | J86: BAG SOUTE S/SCAN | K86: PAS DE MVT | L86: 09h20 : APPEL GALERIE T1 POUR VERIF + ENVOI S/ BORD → CONFIRMATION RECU BAG BIEN PARTI SUR LA JETEE DEPART / J+1 PAS DE DOSSIER OUVERT | M86: CHARGÉ | P86: =COUNTIF($E$6:$E$1740,E86) -> 1 | Q86: =IF(AND(P86>1,COUNTIF($E$6:E86,E86)=1),MAX($Q$5:Q85)+1,"") | R86: =IF(Q86="","",IF(COUNTIFS($E$6:$E$1740,E86,$A$6:$A$1740,A86,$C$6:$C$1740,C86)<P86,"LÉGITIME",IF(COUNTIFS($E$6:$E$1740,E86,$A$6:$A$1740,A86,$C$6:$C$1740,C86,$M$6:$M$1740,M86)<P86,"STATUT DIFFÉRENT","VRAI DOUBLON")))
A87: 46272 | B87: EI | C87: EI525 | D87: 13H15 | E87: AC031401 | F87: 1 | G87: AC870 | I87: PISTE A 12H50 | K87: LOAD OK CIE | L87: BAG A TRAITER MAIS LOAD OK CIE /PAX A OUVERT UN DOSSIER A DUB MAIS BAG BIEN CHARGE AU DPT DE CDG | M87: CHARGÉ | P87: =COUNTIF($E$6:$E$1740,E87) -> 1 | Q87: =IF(AND(P87>1,COUNTIF($E$6:E87,E87)=1),MAX($Q$5:Q86)+1,"") | R87: =IF(Q87="","",IF(COUNTIFS($E$6:$E$1740,E87,$A$6:$A$1740,A87,$C$6:$C$1740,C87)<P87,"LÉGITIME",IF(COUNTIFS($E$6:$E$1740,E87,$A$6:$A$1740,A87,$C$6:$C$1740,C87,$M$6:$M$1740,M87)<P87,"STATUT DIFFÉRENT","VRAI DOUBLON")))
A88: 46272 | B88: EI | C88: EI527 | D88: 16H30 | E88: EI235253 | F88: 1 | G88: LOCAL | I88: AUCUNE TRACE | J88: HBAG | K88: PAS DE MVT | L88: 16H45 : APPEL LEADER EI MAIS INJOIGNABLE→ POSSIBLE BAGAGE CABINE OU POUSSETTE DE 5KG PRIS A BORD PAR PAX J+1 PAS D EDOSSIER OUVERT | M88: CHARGÉ | P88: =COUNTIF($E$6:$E$1740,E88) -> 1 | Q88: =IF(AND(P88>1,COUNTIF($E$6:E88,E88)=1),MAX($Q$5:Q87)+1,"") | R88: =IF(Q88="","",IF(COUNTIFS($E$6:$E$1740,E88,$A$6:$A$1740,A88,$C$6:$C$1740,C88)<P88,"LÉGITIME",IF(COUNTIFS($E$6:$E$1740,E88,$A$6:$A$1740,A88,$C$6:$C$1740,C88,$M$6:$M$1740,M88)<P88,"STATUT DIFFÉRENT","VRAI DOUBLON")))
A89: 46272 | B89: EI | C89: EI529 | D89: 21H55 | E89: EI131056 | F89: 1 | G89: RUSH | I89: AUCUNE TRACE | K89: BSM 16H04 | L89: APPEL DIRBY T1 A PLUSIEURS REPRISES AVANT LE DEPART DU VOL MAIS INJOIGNABLE | M89: NON CHARGÉ | N89: 21 - Bag left at station origin / correctly labelled | P89: =COUNTIF($E$6:$E$1740,E89) -> 1 | Q89: =IF(AND(P89>1,COUNTIF($E$6:E89,E89)=1),MAX($Q$5:Q88)+1,"") | R89: =IF(Q89="","",IF(COUNTIFS($E$6:$E$1740,E89,$A$6:$A$1740,A89,$C$6:$C$1740,C89)<P89,"LÉGITIME",IF(COUNTIFS($E$6:$E$1740,E89,$A$6:$A$1740,A89,$C$6:$C$1740,C89,$M$6:$M$1740,M89)<P89,"STATUT DIFFÉRENT","VRAI DOUBLON")))
A90: 46273 | B90: EI | C90: EI521 | D90: 10H20 | E90: AC076896 | F90: 1 | G90: AC874 | H90: 07H41 | I90: PAS DE LOC | K90: PAS DE MVT | L90: VU AVEC AC / VELO / BAG BIEN CHARGER SUR LE VOL D APPORT/ APPEL SBA POUR VERIFIER EN SLB 08H50 NEG/ENVOI BAG RUNNER 09H BAG INTROUVABLE//J+1 PAS DE DOSSIER CHARGE | M90: CHARGÉ | P90: =COUNTIF($E$6:$E$1740,E90) -> 1 | Q90: =IF(AND(P90>1,COUNTIF($E$6:E90,E90)=1),MAX($Q$5:Q89)+1,"") | R90: =IF(Q90="","",IF(COUNTIFS($E$6:$E$1740,E90,$A$6:$A$1740,A90,$C$6:$C$1740,C90)<P90,"LÉGITIME",IF(COUNTIFS($E$6:$E$1740,E90,$A$6:$A$1740,A90,$C$6:$C$1740,C90,$M$6:$M$1740,M90)<P90,"STATUT DIFFÉRENT","VRAI DOUBLON")))
A91: 46273 | B91: EI | C91: EI521 | D91: 10H20 | E91: AF609295 | F91: 1 | G91: AF149 | H91: 07H16 | I91: PAS DE LOC | K91: PAS DE MVT | L91: CHECK BOB / DERNIERE TRACE RAPATRIEMENT A 07H40/ APPEL NAVETTE 09H17 NEG / APPEL GALERIE T1 POUR ENVOI SOUS BORD 10H00 | M91: SAUVÉ | P91: =COUNTIF($E$6:$E$1740,E91) -> 1 | Q91: =IF(AND(P91>1,COUNTIF($E$6:E91,E91)=1),MAX($Q$5:Q90)+1,"") | R91: =IF(Q91="","",IF(COUNTIFS($E$6:$E$1740,E91,$A$6:$A$1740,A91,$C$6:$C$1740,C91)<P91,"LÉGITIME",IF(COUNTIFS($E$6:$E$1740,E91,$A$6:$A$1740,A91,$C$6:$C$1740,C91,$M$6:$M$1740,M91)<P91,"STATUT DIFFÉRENT","VRAI DOUBLON")))
A92: 46273 | B92: EI | C92: EI521 | D92: 10H20 | E92: AC090941 | F92: 1 | I92: T1 CYNO 09H33 | K92: PAS DE MVT | L92: APPEL GALERIE T1 POUR ENVOI SOUS BORD 10H00 | M92: SAUVÉ | P92: =COUNTIF($E$6:$E$1740,E92) -> 1 | Q92: =IF(AND(P92>1,COUNTIF($E$6:E92,E92)=1),MAX($Q$5:Q91)+1,"") | R92: =IF(Q92="","",IF(COUNTIFS($E$6:$E$1740,E92,$A$6:$A$1740,A92,$C$6:$C$1740,C92)<P92,"LÉGITIME",IF(COUNTIFS($E$6:$E$1740,E92,$A$6:$A$1740,A92,$C$6:$C$1740,C92,$M$6:$M$1740,M92)<P92,"STATUT DIFFÉRENT","VRAI DOUBLON")))
A93: 46273 | B93: EI | C93: EI521 | D93: 10H20 | E93: EI131096 | F93: 1 | G93: RUSH | I93: BSM CREA 18H56 | K93: PAS DE MVT | L93: APPEL DIRBY POUR INJECTION 09H00 INJOIGNABLE | M93: NON CHARGÉ | P93: =COUNTIF($E$6:$E$1740,E93) -> 1 | Q93: =IF(AND(P93>1,COUNTIF($E$6:E93,E93)=1),MAX($Q$5:Q92)+1,"") | R93: =IF(Q93="","",IF(COUNTIFS($E$6:$E$1740,E93,$A$6:$A$1740,A93,$C$6:$C$1740,C93)<P93,"LÉGITIME",IF(COUNTIFS($E$6:$E$1740,E93,$A$6:$A$1740,A93,$C$6:$C$1740,C93,$M$6:$M$1740,M93)<P93,"STATUT DIFFÉRENT","VRAI DOUBLON")))
A94: 46273 | B94: EI | C94: EI521 | D94: 10H20 | E94: EI236851 | F94: 1 | G94: LOCAL | I94: T1 INJECTION WD4 08H40 | K94: PAS DE MVT | L94: APPEL GALERIE T1 POUR VERIF 09H30 / BAG INTROUVABLE//J+1 AHL IADEI19405 | M94: NON CHARGÉ | N94: 64 - Unserviceable equipment / belt / sortation system | P94: =COUNTIF($E$6:$E$1740,E94) -> 1 | Q94: =IF(AND(P94>1,COUNTIF($E$6:E94,E94)=1),MAX($Q$5:Q93)+1,"") | R94: =IF(Q94="","",IF(COUNTIFS($E$6:$E$1740,E94,$A$6:$A$1740,A94,$C$6:$C$1740,C94)<P94,"LÉGITIME",IF(COUNTIFS($E$6:$E$1740,E94,$A$6:$A$1740,A94,$C$6:$C$1740,C94,$M$6:$M$1740,M94)<P94,"STATUT DIFFÉRENT","VRAI DOUBLON")))
A95: 46273 | B95: EI | C95: EI521 | D95: 10H20 | E95: EI236389 | F95: 1 | G95: LOCAL | I95: BSM CREA 07H35 | J95: STRL | K95: PAS DE MVT | L95: BAGS 6KGS PRBL BAG CABINE / APPEL COORDO 10H26 INJOIGNABLE / J+1 STRL PRIS RN CABINE | M95: CHARGÉ | P95: =COUNTIF($E$6:$E$1740,E95) -> 1 | Q95: =IF(AND(P95>1,COUNTIF($E$6:E95,E95)=1),MAX($Q$5:Q94)+1,"") | R95: =IF(Q95="","",IF(COUNTIFS($E$6:$E$1740,E95,$A$6:$A$1740,A95,$C$6:$C$1740,C95)<P95,"LÉGITIME",IF(COUNTIFS($E$6:$E$1740,E95,$A$6:$A$1740,A95,$C$6:$C$1740,C95,$M$6:$M$1740,M95)<P95,"STATUT DIFFÉRENT","VRAI DOUBLON")))
A96: 46273 | B96: EI | C96: EI521 | D96: 10H20 | E96: EI236705 | F96: 1 | G96: LOCAL | I96: BSM CREA 08H20 | J96: HBAG | K96: PAS DE MVT | L96: BAGS 11KGS PRBL POUSSETTE / APPEL COORDO 10H26 INJOIGNABLE / J+1 HBAG PAS DE DOSSIER | M96: CHARGÉ | P96: =COUNTIF($E$6:$E$1740,E96) -> 1 | Q96: =IF(AND(P96>1,COUNTIF($E$6:E96,E96)=1),MAX($Q$5:Q95)+1,"") | R96: =IF(Q96="","",IF(COUNTIFS($E$6:$E$1740,E96,$A$6:$A$1740,A96,$C$6:$C$1740,C96)<P96,"LÉGITIME",IF(COUNTIFS($E$6:$E$1740,E96,$A$6:$A$1740,A96,$C$6:$C$1740,C96,$M$6:$M$1740,M96)<P96,"STATUT DIFFÉRENT","VRAI DOUBLON")))
A97: 46274 | B97: EI | C97: EI521 | D97: 10H20 | E97: KL822622 | F97: 1 | G97: KL1401 | H97: 08H16 | I97: QSEDLK A 09H42 | K97: HOT CNX | L97: BSM CREATION A 09H42 →BAG LOCALISE AU QSE → TROP TARD POUR LE VOL AU T1 DPT 10H20//J+1 AHL DUBEI29434 FWD AF1016/09SEP | M97: NON CHARGÉ | N97: 53 - Interline MCT not available ( MCT initialement OK) | P97: =COUNTIF($E$6:$E$1740,E97) -> 1 | Q97: =IF(AND(P97>1,COUNTIF($E$6:E97,E97)=1),MAX($Q$5:Q96)+1,"") | R97: =IF(Q97="","",IF(COUNTIFS($E$6:$E$1740,E97,$A$6:$A$1740,A97,$C$6:$C$1740,C97)<P97,"LÉGITIME",IF(COUNTIFS($E$6:$E$1740,E97,$A$6:$A$1740,A97,$C$6:$C$1740,C97,$M$6:$M$1740,M97)<P97,"STATUT DIFFÉRENT","VRAI DOUBLON")))
A98: 46274 | B98: EI | C98: EI521 | D98: 10H20 | E98: KL823133 | F98: 1 | G98: KL1401 | H98: 08H16 | I98: QSEDLK A 09H42 | K98: HOT CNX | L98: BSM CREATION A 09H42 →BAG LOCALISE AU QSE → TROP TARD POUR LE VOL AU T1 DPT 10H20//J+1 AHL DUBEI29437 | M98: NON CHARGÉ | N98: 53 - Interline MCT not available ( MCT initialement OK) | P98: =COUNTIF($E$6:$E$1740,E98) -> 1 | Q98: =IF(AND(P98>1,COUNTIF($E$6:E98,E98)=1),MAX($Q$5:Q97)+1,"") | R98: =IF(Q98="","",IF(COUNTIFS($E$6:$E$1740,E98,$A$6:$A$1740,A98,$C$6:$C$1740,C98)<P98,"LÉGITIME",IF(COUNTIFS($E$6:$E$1740,E98,$A$6:$A$1740,A98,$C$6:$C$1740,C98,$M$6:$M$1740,M98)<P98,"STATUT DIFFÉRENT","VRAI DOUBLON")))
A99: 46274 | B99: EI | C99: EI521 | D99: 10H20 | E99: AZ284800 | F99: 1 | G99: KL1401 | H99: 08H16 | I99: PAS DE LOC A CDG A 10H15 | K99: PAS DE TRACE | L99: NEG /BAGRADAR/REQUETEUR//J+1 AHL DUBEI29429 FWD AZ110/09SEP/KL1145/09SEP MISCO FORM FCO | M99: NON CHARGÉ | N99: 53 - Interline MCT not available ( MCT initialement OK) | P99: =COUNTIF($E$6:$E$1740,E99) -> 1 | Q99: =IF(AND(P99>1,COUNTIF($E$6:E99,E99)=1),MAX($Q$5:Q98)+1,"") | R99: =IF(Q99="","",IF(COUNTIFS($E$6:$E$1740,E99,$A$6:$A$1740,A99,$C$6:$C$1740,C99)<P99,"LÉGITIME",IF(COUNTIFS($E$6:$E$1740,E99,$A$6:$A$1740,A99,$C$6:$C$1740,C99,$M$6:$M$1740,M99)<P99,"STATUT DIFFÉRENT","VRAI DOUBLON")))
A100: 46274 | B100: EI | C100: EI521 | D100: 10H20 | E100: EI131206 | F100: 1 | G100: RUSH | I100: PAS DE LOC DEPUIS CREATION | K100: PAS DE TRACE | L100: 09H50 : CTC DIRBY T1 POUR ACTION | M100: NON CHARGÉ | N100: 21 - Bag left at station origin / correctly labelled | P100: =COUNTIF($E$6:$E$1740,E100) -> 1 | Q100: =IF(AND(P100>1,COUNTIF($E$6:E100,E100)=1),MAX($Q$5:Q99)+1,"") | R100: =IF(Q100="","",IF(COUNTIFS($E$6:$E$1740,E100,$A$6:$A$1740,A100,$C$6:$C$1740,C100)<P100,"LÉGITIME",IF(COUNTIFS($E$6:$E$1740,E100,$A$6:$A$1740,A100,$C$6:$C$1740,C100,$M$6:$M$1740,M100)<P100,"STATUT DIFFÉRENT","VRAI DOUBLON")))
...
